Workbook

Sheet PLANILHA MODELO
G1: NÃO ALTERAR | M1: PREENCHER | P1: NÃO ALTERAR
B2: EMPRESA | C2: NOME | D2: FUNCAO | E2: LIDER DIRETO | F2: GERENCIA/DIRETORIA | G2: DATA ADMISSAO/MUDANÇA COTISTA NO PASSADO | H2: ANO AQUISITIVO INICIO | I2: ANO AQUISITIVO TERMINO | J2: INICIO PERIODO AQUISITIVO | K2: FIM PERIODO AQUISITIVO | L2: LIMITE AUSENCIA EFETIVA | M2: SALDO | N2: QUANTIDADE DE DIAS DE AUSÊNCIA PROGRAMADA | O2: INICIO AUSENCIA | P2: FIM AUSENCIA | Q2: DIAS PENDENTES | R2: STATUS | S2: OBSERVAÇÃO DE SALDO DE PERÍODOS ANTERIORES
B3: PHDE | C3: ADAILTON LUCAS GALINDO DE ANDRADE | D3: CONSULTOR DE PLANEJAMENTO PL | E3: TULIO RAFAEL MORAIS | F3: LEONARDO AUGUSTO OLIVEIRA DRUMOND | G3: 44986 | H3: 2024 | I3: 2025 | J3: =DATE($H3,MONTH($G3),DAY($G3)) -> 45352 | K3: =DATE($H3+1,MONTH($G3),DAY($G3)) -> 45717 | L3: 46387 | M3: 21 | N3: 21 | O3: 46368 | P3: =IF(OR(O3="",N3=""),"",O3+N3-1) -> 46388 | Q3: =IF($J3="","",MAX(0,$M3-SUMIFS($N:$N,$J:$J,$J3,$K:$K,$K3))) -> 0 | R3: =IF(OR($M3="",$N3=""),"",IF($N3>$M3,"EXCEDE SALDO",IF(OR($O3="",$P3=""),"OK",IF($P3<$O3,"DATAS INVÁLIDAS",IF($P3>$L3,"FORA DO PRAZO","OK"))))) -> FORA DO PRAZO | S3: =IF(OR($M3="",$N3=""),"",IF($N3>$M3,"EXCEDE SALDO",IF(OR($O3="",$P3=""),"OK",IF($P3<$O3,"DATAS INVÁLIDAS",IF($P3>$L3,"FORA DO PRAZO","OK"))))) -> FORA DO PRAZO
B4: PHDE | C4: ADAILTON LUCAS GALINDO DE ANDRADE | D4: CONSULTOR DE PLANEJAMENTO PL | E4: TULIO RAFAEL MORAIS | F4: LEONARDO AUGUSTO OLIVEIRA DRUMOND | G4: 44986 | H4: 2025 | I4: 2026 | J4: =DATE($H4,MONTH($G4),DAY($G4)) -> 45717 | K4: =DATE($H4+1,MONTH($G4),DAY($G4)) -> 46082 | L4: 46387 | M4: 35 | N4: 35 | O4: 46076 | P4: =IF(OR(O4="",N4=""),"",O4+N4-1) -> 46110 | Q4: =IF($J4="","",MAX(0,$M4-SUMIFS($N:$N,$J:$J,$J4,$K:$K,$K4))) -> 0 | R4: =IF(OR($M4="",$N4=""),"",IF($N4>$M4,"EXCEDE SALDO",IF(OR($O4="",$P4=""),"OK",IF($P4<$O4,"DATAS INVÁLIDAS",IF($P4>$L4,"FORA DO PRAZO","OK"))))) -> OK | S4: =IF(OR($M4="",$N4=""),"",IF($N4>$M4,"EXCEDE SALDO",IF(OR($O4="",$P4=""),"OK",IF($P4<$O4,"DATAS INVÁLIDAS",IF($P4>$L4,"FORA DO PRAZO","OK"))))) -> OK
B5: PHDE | C5: ALEX POSSIDONIO DA SILVA | D5: COORDENADOR DE PLANEJAMENTO | E5: DIEGO FIRME BERNARDES | F5: DIEGO FIRME BERNARDES | G5: 45722 | H5: 2025 | I5: 2026 | J5: =DATE($H5,MONTH($G5),DAY($G5)) -> 45722 | K5: =DATE($H5+1,MONTH($G5),DAY($G5)) -> 46087 | L5: =DATE(YEAR($K5)+1,MONTH($K5),DAY($K5)) -> 46452 | M5: 21 | N5: 21 | O5: 46188 | P5: =IF(OR(O5="",N5=""),"",O5+N5-1) -> 46208 | Q5: =IF($J5="","",MAX(0,$M5-SUMIFS($N:$N,$J:$J,$J5,$K:$K,$K5))) -> 0 | R5: =IF(OR($M5="",$N5=""),"",IF($N5>$M5,"EXCEDE SALDO",IF(OR($O5="",$P5=""),"OK",IF($P5<$O5,"DATAS INVÁLIDAS",IF($P5>$L5,"FORA DO PRAZO","OK"))))) -> OK | S5: =IF(OR($M5="",$N5=""),"",IF($N5>$M5,"EXCEDE SALDO",IF(OR($O5="",$P5=""),"OK",IF($P5<$O5,"DATAS INVÁLIDAS",IF($P5>$L5,"FORA DO PRAZO","OK"))))) -> OK
B6: PHDE | C6: ANA REGINA REZENDE CALDEIRA | D6: COORDENADORA DE MARKETING | E6: LUCAS ANDRADE BATISTA | F6: PEDRO HENRIQUE BRAGA DE MORAIS | G6: 45201 | H6: 2024 | I6: 2025 | J6: =DATE($H6,MONTH($G6),DAY($G6)) -> 45567 | K6: =DATE($H6+1,MONTH($G6),DAY($G6)) -> 45932 | L6: =DATE(YEAR($K6)+1,MONTH($K6),DAY($K6)) -> 46297 | M6: 21 | N6: 21 | O6: 46296 | P6: =IF(OR(O6="",N6=""),"",O6+N6-1) -> 46316 | Q6: =IF($J6="","",MAX(0,$M6-SUMIFS($N:$N,$J:$J,$J6,$K:$K,$K6))) -> 0 | R6: =IF(OR($M6="",$N6=""),"",IF($N6>$M6,"EXCEDE SALDO",IF(OR($O6="",$P6=""),"OK",IF($P6<$O6,"DATAS INVÁLIDAS",IF($P6>$L6,"FORA DO PRAZO","OK"))))) -> FORA DO PRAZO | S6: =IF(OR($M6="",$N6=""),"",IF($N6>$M6,"EXCEDE SALDO",IF(OR($O6="",$P6=""),"OK",IF($P6<$O6,"DATAS INVÁLIDAS",IF($P6>$L6,"FORA DO PRAZO","OK"))))) -> FORA DO PRAZO
B7: PHDE | C7: ANA REGINA REZENDE CALDEIRA | D7: COORDENADORA DE MARKETING | E7: LUCAS ANDRADE BATISTA | F7: PEDRO HENRIQUE BRAGA DE MORAIS | G7: 45201 | H7: 2025 | I7: 2026 | J7: =DATE($H7,MONTH($G7),DAY($G7)) -> 45932 | K7: =DATE($H7+1,MONTH($G7),DAY($G7)) -> 46297 | L7: =DATE(YEAR($K7)+1,MONTH($K7),DAY($K7)) -> 46662 | M7: 21 | N7: 21 | O7: 46296 | P7: =IF(OR(O7="",N7=""),"",O7+N7-1) -> 46316 | Q7: =IF($J7="","",MAX(0,$M7-SUMIFS($N:$N,$J:$J,$J7,$K:$K,$K7))) -> 0 | R7: =IF(OR($M7="",$N7=""),"",IF($N7>$M7,"EXCEDE SALDO",IF(OR($O7="",$P7=""),"OK",IF($P7<$O7,"DATAS INVÁLIDAS",IF($P7>$L7,"FORA DO PRAZO","OK"))))) -> OK | S7: =IF(OR($M7="",$N7=""),"",IF($N7>$M7,"EXCEDE SALDO",IF(OR($O7="",$P7=""),"OK",IF($P7<$O7,"DATAS INVÁLIDAS",IF($P7>$L7,"FORA DO PRAZO","OK"))))) -> OK
B8: PHDE | C8: ANDRE LUIZ COSTA GUIMARAES | D8: GERENTE DE PMO | E8: ANDRE LUIZ COSTA GUIMARAES | F8: PEDRO HENRIQUE BRAGA DE MORAIS | G8: 45474 | H8: 2024 | I8: 2025 | J8: =DATE($H8,MONTH($G8),DAY($G8)) -> 45474 | K8: =DATE($H8+1,MONTH($G8),DAY($G8)) -> 45839 | L8: =DATE(YEAR($K8)+1,MONTH($K8),DAY($K8)) -> 46204 | M8: 21 | N8: 7 | O8: 45971 | P8: =IF(OR(O8="",N8=""),"",O8+N8-1) -> 45977 | Q8: =IF($J8="","",MAX(0,$M8-SUMIFS($N:$N,$J:$J,$J8,$K:$K,$K8))) -> 0 | R8: =IF(OR($M8="",$N8=""),"",IF($N8>$M8,"EXCEDE SALDO",IF(OR($O8="",$P8=""),"OK",IF($P8<$O8,"DATAS INVÁLIDAS",IF($P8>$L8,"FORA DO PRAZO","OK"))))) -> OK | S8: =IF(OR($M8="",$N8=""),"",IF($N8>$M8,"EXCEDE SALDO",IF(OR($O8="",$P8=""),"OK",IF($P8<$O8,"DATAS INVÁLIDAS",IF($P8>$L8,"FORA DO PRAZO","OK"))))) -> OK
B9: PHDE | C9: ANDRE LUIZ COSTA GUIMARAES | D9: GERENTE DE PMO | E9: ANDRE LUIZ COSTA GUIMARAES | F9: PEDRO HENRIQUE BRAGA DE MORAIS | G9: 45474 | H9: 2024 | I9: 2025 | J9: =DATE($H9,MONTH($G9),DAY($G9)) -> 45474 | K9: =DATE($H9+1,MONTH($G9),DAY($G9)) -> 45839 | L9: =DATE(YEAR($K9)+1,MONTH($K9),DAY($K9)) -> 46204 | M9: 14 | N9: 7 | O9: 46076 | P9: =IF(OR(O9="",N9=""),"",O9+N9-1) -> 46082 | Q9: =IF($J9="","",MAX(0,$M9-SUMIFS($N:$N,$J:$J,$J9,$K:$K,$K9))) -> 0 | R9: =IF(OR($M9="",$N9=""),"",IF($N9>$M9,"EXCEDE SALDO",IF(OR($O9="",$P9=""),"OK",IF($P9<$O9,"DATAS INVÁLIDAS",IF($P9>$L9,"FORA DO PRAZO","OK"))))) -> OK | S9: =IF(OR($M9="",$N9=""),"",IF($N9>$M9,"EXCEDE SALDO",IF(OR($O9="",$P9=""),"OK",IF($P9<$O9,"DATAS INVÁLIDAS",IF($P9>$L9,"FORA DO PRAZO","OK"))))) -> OK
B10: PHDE | C10: ANDRE LUIZ COSTA GUIMARAES | D10: GERENTE DE PMO | E10: ANDRE LUIZ COSTA GUIMARAES | F10: PEDRO HENRIQUE BRAGA DE MORAIS | G10: 45474 | H10: 2024 | I10: 2025 | J10: =DATE($H10,MONTH($G10),DAY($G10)) -> 45474 | K10: =DATE($H10+1,MONTH($G10),DAY($G10)) -> 45839 | L10: =DATE(YEAR($K10)+1,MONTH($K10),DAY($K10)) -> 46204 | M10: 7 | N10: 7 | O10: 46153 | P10: =IF(OR(O10="",N10=""),"",O10+N10-1) -> 46159 | Q10: =IF($J10="","",MAX(0,$M10-SUMIFS($N:$N,$J:$J,$J10,$K:$K,$K10))) -> 0 | R10: =IF(OR($M10="",$N10=""),"",IF($N10>$M10,"EXCEDE SALDO",IF(OR($O10="",$P10=""),"OK",IF($P10<$O10,"DATAS INVÁLIDAS",IF($P10>$L10,"FORA DO PRAZO","OK"))))) -> OK | S10: =IF(OR($M10="",$N10=""),"",IF($N10>$M10,"EXCEDE SALDO",IF(OR($O10="",$P10=""),"OK",IF($P10<$O10,"DATAS INVÁLIDAS",IF($P10>$L10,"FORA DO PRAZO","OK"))))) -> OK
B11: PHDE | C11: ANDRE LUIZ COSTA GUIMARAES | D11: GERENTE DE PMO | E11: ANDRE LUIZ COSTA GUIMARAES | F11: PEDRO HENRIQUE BRAGA DE MORAIS | G11: 45474 | H11: 2025 | I11: 2026 | J11: =DATE($H11,MONTH($G11),DAY($G11)) -> 45839 | K11: =DATE($H11+1,MONTH($G11),DAY($G11)) -> 46204 | L11: =DATE(YEAR($K11)+1,MONTH($K11),DAY($K11)) -> 46569 | M11: 21 | N11: 14 | O11: 46209 | P11: =IF(OR(O11="",N11=""),"",O11+N11-1) -> 46222 | Q11: =IF($J11="","",MAX(0,$M11-SUMIFS($N:$N,$J:$J,$J11,$K:$K,$K11))) -> 0 | R11: =IF(OR($M11="",$N11=""),"",IF($N11>$M11,"EXCEDE SALDO",IF(OR($O11="",$P11=""),"OK",IF($P11<$O11,"DATAS INVÁLIDAS",IF($P11>$L11,"FORA DO PRAZO","OK"))))) -> OK | S11: =IF(OR($M11="",$N11=""),"",IF($N11>$M11,"EXCEDE SALDO",IF(OR($O11="",$P11=""),"OK",IF($P11<$O11,"DATAS INVÁLIDAS",IF($P11>$L11,"FORA DO PRAZO","OK"))))) -> OK
B12: PHDE | C12: ARTHUR FARHAT BENEDITO | D12: ESPECIALISTA DE PLANEJAMENTO | E12: SILAS MOREIRA TUPINAMBÁ | F12: DIEGO FIRME BERNARDES | G12: 45903 | H12: 2025 | I12: 2026 | J12: =DATE($H12,MONTH($G12),DAY($G12)) -> 45903 | K12: =DATE($H12+1,MONTH($G12),DAY($G12)) -> 46268 | L12: 46387 | M12: 7 | N12: 7 | O12: 46090 | P12: =IF(OR(O12="",N12=""),"",O12+N12-1) -> 46096 | Q12: =IF($J12="","",MAX(0,$M12-SUMIFS($N:$N,$J:$J,$J12,$K:$K,$K12))) -> 0 | R12: =IF(OR($M12="",$N12=""),"",IF($N12>$M12,"EXCEDE SALDO",IF(OR($O12="",$P12=""),"OK",IF($P12<$O12,"DATAS INVÁLIDAS",IF($P12>$L12,"FORA DO PRAZO","OK"))))) -> OK | S12: =IF(OR($M12="",$N12=""),"",IF($N12>$M12,"EXCEDE SALDO",IF(OR($O12="",$P12=""),"OK",IF($P12<$O12,"DATAS INVÁLIDAS",IF($P12>$L12,"FORA DO PRAZO","OK"))))) -> OK
B13: PHDE | C13: ARTHUR JOSE TEIXEIRA ANDRADE | D13: ESPECIALISTA DE PLANEJAMENTO | E13: TULIO RAFAEL MORAIS | F13: LEONARDO AUGUSTO OLIVEIRA DRUMOND | G13: 45684 | H13: 2025 | I13: 2026 | J13: =DATE($H13,MONTH($G13),DAY($G13)) -> 45684 | K13: =DATE($H13+1,MONTH($G13),DAY($G13)) -> 46049 | L13: =DATE(YEAR($K13)+1,MONTH($K13),DAY($K13)) -> 46414 | M13: 6 | N13: 6 | O13: 46118 | P13: =IF(OR(O13="",N13=""),"",O13+N13-1) -> 46123 | Q13: =IF($J13="","",MAX(0,$M13-SUMIFS($N:$N,$J:$J,$J13,$K:$K,$K13))) -> 0 | R13: =IF(OR($M13="",$N13=""),"",IF($N13>$M13,"EXCEDE SALDO",IF(OR($O13="",$P13=""),"OK",IF($P13<$O13,"DATAS INVÁLIDAS",IF($P13>$L13,"FORA DO PRAZO","OK"))))) -> OK | S13: =IF(OR($M13="",$N13=""),"",IF($N13>$M13,"EXCEDE SALDO",IF(OR($O13="",$P13=""),"OK",IF($P13<$O13,"DATAS INVÁLIDAS",IF($P13>$L13,"FORA DO PRAZO","OK"))))) -> OK
B14: PHDE | C14: ARTUR VIEIRA JANUTH | D14: CONSULTOR DE PLANEJAMENTO SR | E14: DIOGO HENRIQUE SOARES | F14: LEONARDO AUGUSTO OLIVEIRA DRUMOND | G14: 45131 | H14: 2024 | I14: 2025 | J14: =DATE($H14,MONTH($G14),DAY($G14)) -> 45497 | K14: =DATE($H14+1,MONTH($G14),DAY($G14)) -> 45862 | L14: 46387 | M14: 21 | N14: 21 | O14: 46235 | P14: =IF(OR(O14="",N14=""),"",O14+N14-1) -> 46255 | Q14: =IF($J14="","",MAX(0,$M14-SUMIFS($N:$N,$J:$J,$J14,$K:$K,$K14))) -> 0 | R14: =IF(OR($M14="",$N14=""),"",IF($N14>$M14,"EXCEDE SALDO",IF(OR($O14="",$P14=""),"OK",IF($P14<$O14,"DATAS INVÁLIDAS",IF($P14>$L14,"FORA DO PRAZO","OK"))))) -> OK | S14: =IF(OR($M14="",$N14=""),"",IF($N14>$M14,"EXCEDE SALDO",IF(OR($O14="",$P14=""),"OK",IF($P14<$O14,"DATAS INVÁLIDAS",IF($P14>$L14,"FORA DO PRAZO","OK"))))) -> OK
B15: PHDE | C15: BRENDO HENRIQUE LOPES | D15: CONSULTOR BIM PL | E15: RONALDO MENDES MACHADO | F15: BRUNO ALBERTO AZEVEDO | G15: 45722 | H15: 2025 | I15: 2026 | J15: =DATE($H15,MONTH($G15),DAY($G15)) -> 45722 | K15: =DATE($H15+1,MONTH($G15),DAY($G15)) -> 46087 | L15: =DATE(YEAR($K15)+1,MONTH($K15),DAY($K15)) -> 46452 | M15: 21 | N15: 21 | O15: 46076 | P15: =IF(OR(O15="",N15=""),"",O15+N15-1) -> 46096 | Q15: =IF($J15="","",MAX(0,$M15-SUMIFS($N:$N,$J:$J,$J15,$K:$K,$K15))) -> 0 | R15: =IF(OR($M15="",$N15=""),"",IF($N15>$M15,"EXCEDE SALDO",IF(OR($O15="",$P15=""),"OK",IF($P15<$O15,"DATAS INVÁLIDAS",IF($P15>$L15,"FORA DO PRAZO","OK"))))) -> OK | S15: =IF(OR($M15="",$N15=""),"",IF($N15>$M15,"EXCEDE SALDO",IF(OR($O15="",$P15=""),"OK",IF($P15<$O15,"DATAS INVÁLIDAS",IF($P15>$L15,"FORA DO PRAZO","OK"))))) -> OK
B16: PHDE | C16: BRUNO ALBERTO AZEVEDO | D16: GERENTE EXECUTIVO | E16: BRUNO ALBERTO AZEVEDO | F16: PEDRO HENRIQUE BRAGA DE MORAIS | G16: 44750 | H16: 2024 | I16: 2025 | J16: =DATE($H16,MONTH($G16),DAY($G16)) -> 45481 | K16: =DATE($H16+1,MONTH($G16),DAY($G16)) -> 45846 | L16: =DATE(YEAR($K16)+1,MONTH($K16),DAY($K16)) -> 46211 | M16: 15 | N16: 15 | O16: 46223 | P16: =IF(OR(O16="",N16=""),"",O16+N16-1) -> 46237 | Q16: =IF($J16="","",MAX(0,$M16-SUMIFS($N:$N,$J:$J,$J16,$K:$K,$K16))) -> 0 | R16: =IF(OR($M16="",$N16=""),"",IF($N16>$M16,"EXCEDE SALDO",IF(OR($O16="",$P16=""),"OK",IF($P16<$O16,"DATAS INVÁLIDAS",IF($P16>$L16,"FORA DO PRAZO","OK"))))) -> FORA DO PRAZO | S16: =IF(OR($M16="",$N16=""),"",IF($N16>$M16,"EXCEDE SALDO",IF(OR($O16="",$P16=""),"OK",IF($P16<$O16,"DATAS INVÁLIDAS",IF($P16>$L16,"FORA DO PRAZO","OK"))))) -> FORA DO PRAZO
B17: PHDE | C17: BRUNO ALBERTO AZEVEDO | D17: GERENTE EXECUTIVO | E17: BRUNO ALBERTO AZEVEDO | F17: PEDRO HENRIQUE BRAGA DE MORAIS | G17: 44750 | H17: 2024 | I17: 2025 | J17: =DATE($H17,MONTH($G17),DAY($G17)) -> 45481 | K17: =DATE($H17+1,MONTH($G17),DAY($G17)) -> 45846 | L17: =DATE(YEAR($K17)+1,MONTH($K17),DAY($K17)) -> 46211 | M17: 7 | N17: 7 | O17: 46279 | P17: =IF(OR(O17="",N17=""),"",O17+N17-1) -> 46285 | Q17: =IF($J17="","",MAX(0,$M17-SUMIFS($N:$N,$J:$J,$J17,$K:$K,$K17))) -> 0 | R17: =IF(OR($M17="",$N17=""),"",IF($N17>$M17,"EXCEDE SALDO",IF(OR($O17="",$P17=""),"OK",IF($P17<$O17,"DATAS INVÁLIDAS",IF($P17>$L17,"FORA DO PRAZO","OK"))))) -> FORA DO PRAZO | S17: =IF(OR($M17="",$N17=""),"",IF($N17>$M17,"EXCEDE SALDO",IF(OR($O17="",$P17=""),"OK",IF($P17<$O17,"DATAS INVÁLIDAS",IF($P17>$L17,"FORA DO PRAZO","OK"))))) -> FORA DO PRAZO
B18: PHDE | C18: BRUNO ALBERTO AZEVEDO | D18: GERENTE EXECUTIVO | E18: BRUNO ALBERTO AZEVEDO | F18: PEDRO HENRIQUE BRAGA DE MORAIS | G18: 44750 | H18: 2025 | I18: 2026 | J18: =DATE($H18,MONTH($G18),DAY($G18)) -> 45846 | K18: =DATE($H18+1,MONTH($G18),DAY($G18)) -> 46211 | L18: =DATE(YEAR($K18)+1,MONTH($K18),DAY($K18)) -> 46576 | M18: 14 | N18: 14 | O18: 46384 | P18: =IF(OR(O18="",N18=""),"",O18+N18-1) -> 46397 | Q18: =IF($J18="","",MAX(0,$M18-SUMIFS($N:$N,$J:$J,$J18,$K:$K,$K18))) -> 0 | R18: =IF(OR($M18="",$N18=""),"",IF($N18>$M18,"EXCEDE SALDO",IF(OR($O18="",$P18=""),"OK",IF($P18<$O18,"DATAS INVÁLIDAS",IF($P18>$L18,"FORA DO PRAZO","OK"))))) -> OK | S18: =IF(OR($M18="",$N18=""),"",IF($N18>$M18,"EXCEDE SALDO",IF(OR($O18="",$P18=""),"OK",IF($P18<$O18,"DATAS INVÁLIDAS",IF($P18>$L18,"FORA DO PRAZO","OK"))))) -> OK
B19: PHDE | C19: DANIEL CARLOS SILVA | D19: CONSULTOR DE PLANEJAMENTO SR | E19: ALESSANDRO PEREIRA MOREIRA | F19: LEONARDO AUGUSTO OLIVEIRA DRUMOND | G19: 45198 | H19: 2024 | I19: 2025 | J19: =DATE($H19,MONTH($G19),DAY($G19)) -> 45564 | K19: =DATE($H19+1,MONTH($G19),DAY($G19)) -> 45929 | L19: 46387 | M19: 4 | N19: 4 | O19: 46139 | P19: =IF(OR(O19="",N19=""),"",O19+N19-1) -> 46142 | Q19: =IF($J19="","",MAX(0,$M19-SUMIFS($N:$N,$J:$J,$J19,$K:$K,$K19))) -> 0 | R19: =IF(OR($M19="",$N19=""),"",IF($N19>$M19,"EXCEDE SALDO",IF(OR($O19="",$P19=""),"OK",IF($P19<$O19,"DATAS INVÁLIDAS",IF($P19>$L19,"FORA DO PRAZO","OK"))))) -> OK | S19: =IF(OR($M19="",$N19=""),"",IF($N19>$M19,"EXCEDE SALDO",IF(OR($O19="",$P19=""),"OK",IF($P19<$O19,"DATAS INVÁLIDAS",IF($P19>$L19,"FORA DO PRAZO","OK"))))) -> OK
B20: PHDE | C20: DANIEL CARLOS SILVA | D20: CONSULTOR DE PLANEJAMENTO SR | E20: ALESSANDRO PEREIRA MOREIRA | F20: LEONARDO AUGUSTO OLIVEIRA DRUMOND | G20: 45198 | H20: 2025 | I20: 2026 | J20: =DATE($H20,MONTH($G20),DAY($G20)) -> 45929 | K20: =DATE($H20+1,MONTH($G20),DAY($G20)) -> 46294 | L20: 46387 | M20: 21 | N20: 21 | O20: 46143 | P20: =IF(OR(O20="",N20=""),"",O20+N20-1) -> 46163 | Q20: =IF($J20="","",MAX(0,$M20-SUMIFS($N:$N,$J:$J,$J20,$K:$K,$K20))) -> 0 | R20: =IF(OR($M20="",$N20=""),"",IF($N20>$M20,"EXCEDE SALDO",IF(OR($O20="",$P20=""),"OK",IF($P20<$O20,"DATAS INVÁLIDAS",IF($P20>$L20,"FORA DO PRAZO","OK"))))) -> OK | S20: =IF(OR($M20="",$N20=""),"",IF($N20>$M20,"EXCEDE SALDO",IF(OR($O20="",$P20=""),"OK",IF($P20<$O20,"DATAS INVÁLIDAS",IF($P20>$L20,"FORA DO PRAZO","OK"))))) -> OK
B21: PHDE | C21: DANIEL DOS SANTOS ALMEIDA | D21: COORDENADOR COMERCIAL | E21: DANIEL DOS SANTOS ALMEIDA | F21: PEDRO HENRIQUE BRAGA DE MORAIS | G21: 44797 | H21: 2024 | I21: 2025 | J21: =DATE($H21,MONTH($G21),DAY($G21)) -> 45528 | K21: =DATE($H21+1,MONTH($G21),DAY($G21)) -> 45893 | L21: =DATE(YEAR($K21)+1,MONTH($K21),DAY($K21)) -> 46258 | M21: 7 | N21: 7 | O21: 46163 | P21: =IF(OR(O21="",N21=""),"",O21+N21-1) -> 46169 | Q21: =IF($J21="","",MAX(0,$M21-SUMIFS($N:$N,$J:$J,$J21,$K:$K,$K21))) -> 0 | R21: =IF(OR($M21="",$N21=""),"",IF($N21>$M21,"EXCEDE SALDO",IF(OR($O21="",$P21=""),"OK",IF($P21<$O21,"DATAS INVÁLIDAS",IF($P21>$L21,"FORA DO PRAZO","OK"))))) -> OK | S21: =IF(OR($M21="",$N21=""),"",IF($N21>$M21,"EXCEDE SALDO",IF(OR($O21="",$P21=""),"OK",IF($P21<$O21,"DATAS INVÁLIDAS",IF($P21>$L21,"FORA DO PRAZO","OK"))))) -> OK
B22: PHDE | C22: DANIEL DOS SANTOS ALMEIDA | D22: COORDENADOR COMERCIAL | E22: DANIEL DOS SANTOS ALMEIDA | F22: PEDRO HENRIQUE BRAGA DE MORAIS | G22: 44797 | H22: 2024 | I22: 2025 | J22: =DATE($H22,MONTH($G22),DAY($G22)) -> 45528 | K22: =DATE($H22+1,MONTH($G22),DAY($G22)) -> 45893 | L22: =DATE(YEAR($K22)+1,MONTH($K22),DAY($K22)) -> 46258 | M22: 21 | N22: 7 | O22: 46170 | P22: =IF(OR(O22="",N22=""),"",O22+N22-1) -> 46176 | Q22: =IF($J22="","",MAX(0,$M22-SUMIFS($N:$N,$J:$J,$J22,$K:$K,$K22))) -> 7 | R22: =IF(OR($M22="",$N22=""),"",IF($N22>$M22,"EXCEDE SALDO",IF(OR($O22="",$P22=""),"OK",IF($P22<$O22,"DATAS INVÁLIDAS",IF($P22>$L22,"FORA DO PRAZO","OK"))))) -> OK | S22: =IF(OR($M22="",$N22=""),"",IF($N22>$M22,"EXCEDE SALDO",IF(OR($O22="",$P22=""),"OK",IF($P22<$O22,"DATAS INVÁLIDAS",IF($P22>$L22,"FORA DO PRAZO","OK"))))) -> OK
B23: PHDE | C23: DANIEL DOS SANTOS ALMEIDA | D23: COORDENADOR COMERCIAL | E23: DANIEL DOS SANTOS ALMEIDA | F23: PEDRO HENRIQUE BRAGA DE MORAIS | G23: 44797 | H23: 2025 | I23: 2026 | J23: =DATE($H23,MONTH($G23),DAY($G23)) -> 45893 | K23: =DATE($H23+1,MONTH($G23),DAY($G23)) -> 46258 | L23: =DATE(YEAR($K23)+1,MONTH($K23),DAY($K23)) -> 46623 | M23: 14 | N23: 7 | O23: 46339 | P23: =IF(OR(O23="",N23=""),"",O23+N23-1) -> 46345 | Q23: =IF($J23="","",MAX(0,$M23-SUMIFS($N:$N,$J:$J,$J23,$K:$K,$K23))) -> 7 | R23: =IF(OR($M23="",$N23=""),"",IF($N23>$M23,"EXCEDE SALDO",IF(OR($O23="",$P23=""),"OK",IF($P23<$O23,"DATAS INVÁLIDAS",IF($P23>$L23,"FORA DO PRAZO","OK"))))) -> OK | S23: =IF(OR($M23="",$N23=""),"",IF($N23>$M23,"EXCEDE SALDO",IF(OR($O23="",$P23=""),"OK",IF($P23<$O23,"DATAS INVÁLIDAS",IF($P23>$L23,"FORA DO PRAZO","OK"))))) -> OK
B24: PHDE | C24: DANIEL MIRANDA CABRAL DE SOUSA | D24: CONSULTOR DE PLANEJAMENTO PL | E24: RONALDO MENDES MACHADO | F24: BRUNO ALBERTO AZEVEDO | G24: 45722 | H24: 2025 | I24: 2026 | J24: =DATE($H24,MONTH($G24),DAY($G24)) -> 45722 | K24: =DATE($H24+1,MONTH($G24),DAY($G24)) -> 46087 | L24: =DATE(YEAR($K24)+1,MONTH($K24),DAY($K24)) -> 46452 | M24: 21 | N24: 14 | O24: 46209 | P24: =IF(OR(O24="",N24=""),"",O24+N24-1) -> 46222 | Q24: =IF($J24="","",MAX(0,$M24-SUMIFS($N:$N,$J:$J,$J24,$K:$K,$K24))) -> 0 | R24: =IF(OR($M24="",$N24=""),"",IF($N24>$M24,"EXCEDE SALDO",IF(OR($O24="",$P24=""),"OK",IF($P24<$O24,"DATAS INVÁLIDAS",IF($P24>$L24,"FORA DO PRAZO","OK"))))) -> OK | S24: =IF(OR($M24="",$N24=""),"",IF($N24>$M24,"EXCEDE SALDO",IF(OR($O24="",$P24=""),"OK",IF($P24<$O24,"DATAS INVÁLIDAS",IF($P24>$L24,"FORA DO PRAZO","OK"))))) -> OK
B25: PHDE | C25: DANIEL MIRANDA CABRAL DE SOUSA | D25: CONSULTOR DE PLANEJAMENTO PL | E25: RONALDO MENDES MACHADO | F25: BRUNO ALBERTO AZEVEDO | G25: 45722 | H25: 2025 | I25: 2026 | J25: =DATE($H25,MONTH($G25),DAY($G25)) -> 45722 | K25: =DATE($H25+1,MONTH($G25),DAY($G25)) -> 46087 | L25: =DATE(YEAR($K25)+1,MONTH($K25),DAY($K25)) -> 46452 | M25: 7 | N25: 7 | O25: 46293 | P25: =IF(OR(O25="",N25=""),"",O25+N25-1) -> 46299 | Q25: =IF($J25="","",MAX(0,$M25-SUMIFS($N:$N,$J:$J,$J25,$K:$K,$K25))) -> 0 | R25: =IF(OR($M25="",$N25=""),"",IF($N25>$M25,"EXCEDE SALDO",IF(OR($O25="",$P25=""),"OK",IF($P25<$O25,"DATAS INVÁLIDAS",IF($P25>$L25,"FORA DO PRAZO","OK"))))) -> OK | S25: =IF(OR($M25="",$N25=""),"",IF($N25>$M25,"EXCEDE SALDO",IF(OR($O25="",$P25=""),"OK",IF($P25<$O25,"DATAS INVÁLIDAS",IF($P25>$L25,"FORA DO PRAZO","OK"))))) -> OK
B26: PHDE | C26: DIANY STEFFANE FERREIRA SANTANA | D26: ESPECIALISTA DE PLANEJAMENTO | E26: SILAS MOREIRA TUPINAMBÁ | F26: DIEGO FIRME BERNARDES | G26: 45511 | H26: 2024 | I26: 2025 | J26: =DATE($H26,MONTH($G26),DAY($G26)) -> 45511 | K26: =DATE($H26+1,MONTH($G26),DAY($G26)) -> 45876 | L26: 46387 | M26: 6 | N26: 6 | O26: 46118 | P26: =IF(OR(O26="",N26=""),"",O26+N26-1) -> 46123 | Q26: =IF($J26="","",MAX(0,$M26-SUMIFS($N:$N,$J:$J,$J26,$K:$K,$K26))) -> 0 | R26: =IF(OR($M26="",$N26=""),"",IF($N26>$M26,"EXCEDE SALDO",IF(OR($O26="",$P26=""),"OK",IF($P26<$O26,"DATAS INVÁLIDAS",IF($P26>$L26,"FORA DO PRAZO","OK"))))) -> OK | S26: =IF(OR($M26="",$N26=""),"",IF($N26>$M26,"EXCEDE SALDO",IF(OR($O26="",$P26=""),"OK",IF($P26<$O26,"DATAS INVÁLIDAS",IF($P26>$L26,"FORA DO PRAZO","OK"))))) -> OK
B27: PHDE | C27: DIANY STEFFANE FERREIRA SANTANA | D27: ESPECIALISTA DE PLANEJAMENTO | E27: SILAS MOREIRA TUPINAMBÁ | F27: DIEGO FIRME BERNARDES | G27: 45511 | H27: 2025 | I27: 2026 | J27: =DATE($H27,MONTH($G27),DAY($G27)) -> 45876 | K27: =DATE($H27+1,MONTH($G27),DAY($G27)) -> 46241 | L27: 46387 | M27: =(5*1.75) -> 8.75 | N27: =M27 -> 8.75 | O27: =P26+1 -> 46124 | P27: =IF(OR(O27="",N27=""),"",O27+N27-1) -> 46131.75 | Q27: =IF($J27="","",MAX(0,$M27-SUMIFS($N:$N,$J:$J,$J27,$K:$K,$K27))) -> 0 | R27: =IF(OR($M27="",$N27=""),"",IF($N27>$M27,"EXCEDE SALDO",IF(OR($O27="",$P27=""),"OK",IF($P27<$O27,"DATAS INVÁLIDAS",IF($P27>$L27,"FORA DO PRAZO","OK"))))) -> OK | S27: =IF(OR($M27="",$N27=""),"",IF($N27>$M27,"EXCEDE SALDO",IF(OR($O27="",$P27=""),"OK",IF($P27<$O27,"DATAS INVÁLIDAS",IF($P27>$L27,"FORA DO PRAZO","OK"))))) -> OK
B28: PHDE | C28: DIOGO HENRIQUE SOARES | D28: COORDENADOR DE PLANEJAMENTO | E28: LEONARDO AUGUSTO OLIVEIRA DRUMOND | F28: LEONARDO AUGUSTO OLIVEIRA DRUMOND | G28: 44907 | H28: 2024 | I28: 2025 | J28: =DATE($H28,MONTH($G28),DAY($G28)) -> 45638 | K28: =DATE($H28+1,MONTH($G28),DAY($G28)) -> 46003 | L28: =DATE(YEAR($K28)+1,MONTH($K28),DAY($K28)) -> 46368 | M28: 10 | N28: 10 | O28: 46316 | P28: =IF(OR(O28="",N28=""),"",O28+N28-1) -> 46325 | Q28: =IF($J28="","",MAX(0,$M28-SUMIFS($N:$N,$J:$J,$J28,$K:$K,$K28))) -> 0 | R28: =IF(OR($M28="",$N28=""),"",IF($N28>$M28,"EXCEDE SALDO",IF(OR($O28="",$P28=""),"OK",IF($P28<$O28,"DATAS INVÁLIDAS",IF($P28>$L28,"FORA DO PRAZO","OK"))))) -> OK | S28: =IF(OR($M28="",$N28=""),"",IF($N28>$M28,"EXCEDE SALDO",IF(OR($O28="",$P28=""),"OK",IF($P28<$O28,"DATAS INVÁLIDAS",IF($P28>$L28,"FORA DO PRAZO","OK"))))) -> OK
B29: PHDE | C29: DIOGO HENRIQUE SOARES | D29: COORDENADOR DE PLANEJAMENTO | E29: LEONARDO AUGUSTO OLIVEIRA DRUMOND | F29: LEONARDO AUGUSTO OLIVEIRA DRUMOND | G29: 44907 | H29: 2025 | I29: 2026 | J29: =DATE($H29,MONTH($G29),DAY($G29)) -> 46003 | K29: =DATE($H29+1,MONTH($G29),DAY($G29)) -> 46368 | L29: =DATE(YEAR($K29)+1,MONTH($K29),DAY($K29)) -> 46733 | M29: 21 | N29: 21 | O29: 46207 | P29: =IF(OR(O29="",N29=""),"",O29+N29-1) -> 46227 | Q29: =IF($J29="","",MAX(0,$M29-SUMIFS($N:$N,$J:$J,$J29,$K:$K,$K29))) -> 0 | R29: =IF(OR($M29="",$N29=""),"",IF($N29>$M29,"EXCEDE SALDO",IF(OR($O29="",$P29=""),"OK",IF($P29<$O29,"DATAS INVÁLIDAS",IF($P29>$L29,"FORA DO PRAZO","OK"))))) -> OK | S29: =IF(OR($M29="",$N29=""),"",IF($N29>$M29,"EXCEDE SALDO",IF(OR($O29="",$P29=""),"OK",IF($P29<$O29,"DATAS INVÁLIDAS",IF($P29>$L29,"FORA DO PRAZO","OK"))))) -> OK
B30: PHDE | C30: DIVINO FELICIO SANTOS | D30: CONSULTOR DE PLANEJAMENTO SR | E30: DIOGO HENRIQUE SOARES | F30: LEONARDO AUGUSTO OLIVEIRA DRUMOND | G30: 45889 | H30: 2025 | I30: 2026 | J30: =DATE($H30,MONTH($G30),DAY($G30)) -> 45889 | K30: =DATE($H30+1,MONTH($G30),DAY($G30)) -> 46254 | L30: 46387 | M30: 0 | N30: 0 | P30: =IF(OR(O30="",N30=""),"",O30+N30-1) | Q30: =IF($J30="","",MAX(0,$M30-SUMIFS($N:$N,$J:$J,$J30,$K:$K,$K30))) -> 0 | R30: =IF(OR($M30="",$N30=""),"",IF($N30>$M30,"EXCEDE SALDO",IF(OR($O30="",$P30=""),"OK",IF($P30<$O30,"DATAS INVÁLIDAS",IF($P30>$L30,"FORA DO PRAZO","OK"))))) -> OK | S30: =IF(OR($M30="",$N30=""),"",IF($N30>$M30,"EXCEDE SALDO",IF(OR($O30="",$P30=""),"OK",IF($P30<$O30,"DATAS INVÁLIDAS",IF($P30>$L30,"FORA DO PRAZO","OK"))))) -> OK
B31: PHDE | C31: EDUARDO FERREIRA DA SILVA | D31: COORDENADOR BIM | E31: RONALDO MENDES MACHADO | F31: BRUNO ALBERTO AZEVEDO | G31: 44768 | H31: 2024 | I31: 2025 | J31: =DATE($H31,MONTH($G31),DAY($G31)) -> 45499 | K31: =DATE($H31+1,MONTH($G31),DAY($G31)) -> 45864 | L31: =DATE(YEAR($K31)+1,MONTH($K31),DAY($K31)) -> 46229 | M31: 14 | N31: 14 | O31: 46132 | P31: =IF(OR(O31="",N31=""),"",O31+N31-1) -> 46145 | Q31: =IF($J31="","",MAX(0,$M31-SUMIFS($N:$N,$J:$J,$J31,$K:$K,$K31))) -> 0 | R31: =IF(OR($M31="",$N31=""),"",IF($N31>$M31,"EXCEDE SALDO",IF(OR($O31="",$P31=""),"OK",IF($P31<$O31,"DATAS INVÁLIDAS",IF($P31>$L31,"FORA DO PRAZO","OK"))))) -> OK | S31: =IF(OR($M31="",$N31=""),"",IF($N31>$M31,"EXCEDE SALDO",IF(OR($O31="",$P31=""),"OK",IF($P31<$O31,"DATAS INVÁLIDAS",IF($P31>$L31,"FORA DO PRAZO","OK"))))) -> OK
B32: PHDE | C32: EDUARDO FERREIRA DA SILVA | D32: COORDENADOR BIM | E32: RONALDO MENDES MACHADO | F32: BRUNO ALBERTO AZEVEDO | G32: 44768 | H32: 2024 | I32: 2025 | J32: =DATE($H32,MONTH($G32),DAY($G32)) -> 45499 | K32: =DATE($H32+1,MONTH($G32),DAY($G32)) -> 45864 | L32: =DATE(YEAR($K32)+1,MONTH($K32),DAY($K32)) -> 46229 | M32: 7 | N32: 7 | O32: 46216 | P32: =IF(OR(O32="",N32=""),"",O32+N32-1) -> 46222 | Q32: =IF($J32="","",MAX(0,$M32-SUMIFS($N:$N,$J:$J,$J32,$K:$K,$K32))) -> 0 | R32: =IF(OR($M32="",$N32=""),"",IF($N32>$M32,"EXCEDE SALDO",IF(OR($O32="",$P32=""),"OK",IF($P32<$O32,"DATAS INVÁLIDAS",IF($P32>$L32,"FORA DO PRAZO","OK"))))) -> OK | S32: =IF(OR($M32="",$N32=""),"",IF($N32>$M32,"EXCEDE SALDO",IF(OR($O32="",$P32=""),"OK",IF($P32<$O32,"DATAS INVÁLIDAS",IF($P32>$L32,"FORA DO PRAZO","OK"))))) -> OK
B33: PHDE | C33: EDUARDO FERREIRA DA SILVA | D33: COORDENADOR BIM | E33: RONALDO MENDES MACHADO | F33: BRUNO ALBERTO AZEVEDO | G33: 44768 | H33: 2025 | I33: 2026 | J33: =DATE($H33,MONTH($G33),DAY($G33)) -> 45864 | K33: =DATE($H33+1,MONTH($G33),DAY($G33)) -> 46229 | L33: =DATE(YEAR($K33)+1,MONTH($K33),DAY($K33)) -> 46594 | M33: 7 | N33: 7 | O33: =P32+1 -> 46223 | P33: =IF(OR(O33="",N33=""),"",O33+N33-1) -> 46229 | Q33: =IF($J33="","",MAX(0,$M33-SUMIFS($N:$N,$J:$J,$J33,$K:$K,$K33))) -> 0 | R33: =IF(OR($M33="",$N33=""),"",IF($N33>$M33,"EXCEDE SALDO",IF(OR($O33="",$P33=""),"OK",IF($P33<$O33,"DATAS INVÁLIDAS",IF($P33>$L33,"FORA DO PRAZO","OK"))))) -> OK | S33: =IF(OR($M33="",$N33=""),"",IF($N33>$M33,"EXCEDE SALDO",IF(OR($O33="",$P33=""),"OK",IF($P33<$O33,"DATAS INVÁLIDAS",IF($P33>$L33,"FORA DO PRAZO","OK"))))) -> OK
B34: PHDE | C34: EDUARDO FERREIRA DA SILVA | D34: COORDENADOR BIM | E34: RONALDO MENDES MACHADO | F34: BRUNO ALBERTO AZEVEDO | G34: 44768 | H34: 2025 | I34: 2026 | J34: =DATE($H34,MONTH($G34),DAY($G34)) -> 45864 | K34: =DATE($H34+1,MONTH($G34),DAY($G34)) -> 46229 | L34: =DATE(YEAR($K34)+1,MONTH($K34),DAY($K34)) -> 46594 | M34: 14 | N34: 14 | O34: 46384 | P34: =IF(OR(O34="",N34=""),"",O34+N34-1) -> 46397 | Q34: =IF($J34="","",MAX(0,$M34-SUMIFS($N:$N,$J:$J,$J34,$K:$K,$K34))) -> 0 | R34: =IF(OR($M34="",$N34=""),"",IF($N34>$M34,"EXCEDE SALDO",IF(OR($O34="",$P34=""),"OK",IF($P34<$O34,"DATAS INVÁLIDAS",IF($P34>$L34,"FORA DO PRAZO","OK"))))) -> OK | S34: =IF(OR($M34="",$N34=""),"",IF($N34>$M34,"EXCEDE SALDO",IF(OR($O34="",$P34=""),"OK",IF($P34<$O34,"DATAS INVÁLIDAS",IF($P34>$L34,"FORA DO PRAZO","OK"))))) -> OK
B35: PHDE | C35: EMERSON DE MELO FERREIRA DA SILVA | D35: CONSULTOR DE PLANEJAMENTO | E35: ALESSANDRO PEREIRA MOREIRA | F35: DIEGO FIRME BERNARDES | G35: 45839 | H35: 2025 | I35: 2026 | J35: =DATE($H35,MONTH($G35),DAY($G35)) -> 45839 | K35: =DATE($H35+1,MONTH($G35),DAY($G35)) -> 46204 | L35: 46387 | M35: 11 | N35: 11 | O35: 46216 | P35: =IF(OR(O35="",N35=""),"",O35+N35-1) -> 46226 | Q35: =IF($J35="","",MAX(0,$M35-SUMIFS($N:$N,$J:$J,$J35,$K:$K,$K35))) -> 0 | R35: =IF(OR($M35="",$N35=""),"",IF($N35>$M35,"EXCEDE SALDO",IF(OR($O35="",$P35=""),"OK",IF($P35<$O35,"DATAS INVÁLIDAS",IF($P35>$L35,"FORA DO PRAZO","OK"))))) -> OK | S35: =IF(OR($M35="",$N35=""),"",IF($N35>$M35,"EXCEDE SALDO",IF(OR($O35="",$P35=""),"OK",IF($P35<$O35,"DATAS INVÁLIDAS",IF($P35>$L35,"FORA DO PRAZO","OK"))))) -> OK
B36: PHDE | C36: FABIO DE JESUS OLIVEIRA | D36: CONSULTOR DE PLANEJAMENTO SR | E36: RONALDO MENDES MACHADO | F36: BRUNO ALBERTO AZEVEDO | G36: 44697 | H36: 2024 | I36: 2025 | J36: =DATE($H36,MONTH($G36),DAY($G36)) -> 45428 | K36: =DATE($H36+1,MONTH($G36),DAY($G36)) -> 45793 | L36: =DATE(YEAR($K36)+1,MONTH($K36),DAY($K36)) -> 46158 | M36: 19 | N36: 19 | O36: 46237 | P36: =IF(OR(O36="",N36=""),"",O36+N36-1) -> 46255 | Q36: =IF($J36="","",MAX(0,$M36-SUMIFS($N:$N,$J:$J,$J36,$K:$K,$K36))) -> 0 | R36: =IF(OR($M36="",$N36=""),"",IF($N36>$M36,"EXCEDE SALDO",IF(OR($O36="",$P36=""),"OK",IF($P36<$O36,"DATAS INVÁLIDAS",IF($P36>$L36,"FORA DO PRAZO","OK"))))) -> FORA DO PRAZO | S36: =IF(OR($M36="",$N36=""),"",IF($N36>$M36,"EXCEDE SALDO",IF(OR($O36="",$P36=""),"OK",IF($P36<$O36,"DATAS INVÁLIDAS",IF($P36>$L36,"FORA DO PRAZO","OK"))))) -> FORA DO PRAZO
B37: PHDE | C37: FABIO DE JESUS OLIVEIRA | D37: CONSULTOR DE PLANEJAMENTO SR | E37: RONALDO MENDES MACHADO | F37: BRUNO ALBERTO AZEVEDO | G37: 44697 | H37: 2025 | I37: 2026 | J37: =DATE($H37,MONTH($G37),DAY($G37)) -> 45793 | K37: =DATE($H37+1,MONTH($G37),DAY($G37)) -> 46158 | L37: =DATE(YEAR($K37)+1,MONTH($K37),DAY($K37)) -> 46523 | M37: 21 | N37: 7 | O37: 46146 | P37: =IF(OR(O37="",N37=""),"",O37+N37-1) -> 46152 | Q37: =IF($J37="","",MAX(0,$M37-SUMIFS($N:$N,$J:$J,$J37,$K:$K,$K37))) -> 0 | R37: =IF(OR($M37="",$N37=""),"",IF($N37>$M37,"EXCEDE SALDO",IF(OR($O37="",$P37=""),"OK",IF($P37<$O37,"DATAS INVÁLIDAS",IF($P37>$L37,"FORA DO PRAZO","OK"))))) -> OK | S37: =IF(OR($M37="",$N37=""),"",IF($N37>$M37,"EXCEDE SALDO",IF(OR($O37="",$P37=""),"OK",IF($P37<$O37,"DATAS INVÁLIDAS",IF($P37>$L37,"FORA DO PRAZO","OK"))))) -> OK
B38: PHDE | C38: FABIO DE JESUS OLIVEIRA | D38: CONSULTOR DE PLANEJAMENTO SR | E38: RONALDO MENDES MACHADO | F38: BRUNO ALBERTO AZEVEDO | G38: 44697 | H38: 2025 | I38: 2026 | J38: =DATE($H38,MONTH($G38),DAY($G38)) -> 45793 | K38: =DATE($H38+1,MONTH($G38),DAY($G38)) -> 46158 | L38: =DATE(YEAR($K38)+1,MONTH($K38),DAY($K38)) -> 46523 | M38: 14 | N38: 7 | O38: 46195 | P38: =IF(OR(O38="",N38=""),"",O38+N38-1) -> 46201 | Q38: =IF($J38="","",MAX(0,$M38-SUMIFS($N:$N,$J:$J,$J38,$K:$K,$K38))) -> 0 | R38: =IF(OR($M38="",$N38=""),"",IF($N38>$M38,"EXCEDE SALDO",IF(OR($O38="",$P38=""),"OK",IF($P38<$O38,"DATAS INVÁLIDAS",IF($P38>$L38,"FORA DO PRAZO","OK"))))) -> OK | S38: =IF(OR($M38="",$N38=""),"",IF($N38>$M38,"EXCEDE SALDO",IF(OR($O38="",$P38=""),"OK",IF($P38<$O38,"DATAS INVÁLIDAS",IF($P38>$L38,"FORA DO PRAZO","OK"))))) -> OK
B39: PHDE | C39: FABIO DE JESUS OLIVEIRA | D39: CONSULTOR DE PLANEJAMENTO SR | E39: RONALDO MENDES MACHADO | F39: BRUNO ALBERTO AZEVEDO | G39: 44697 | H39: 2025 | I39: 2026 | J39: =DATE($H39,MONTH($G39),DAY($G39)) -> 45793 | K39: =DATE($H39+1,MONTH($G39),DAY($G39)) -> 46158 | L39: =DATE(YEAR($K39)+1,MONTH($K39),DAY($K39)) -> 46523 | M39: 7 | N39: 7 | O39: 46370 | P39: =IF(OR(O39="",N39=""),"",O39+N39-1) -> 46376 | Q39: =IF($J39="","",MAX(0,$M39-SUMIFS($N:$N,$J:$J,$J39,$K:$K,$K39))) -> 0 | R39: =IF(OR($M39="",$N39=""),"",IF($N39>$M39,"EXCEDE SALDO",IF(OR($O39="",$P39=""),"OK",IF($P39<$O39,"DATAS INVÁLIDAS",IF($P39>$L39,"FORA DO PRAZO","OK"))))) -> OK | S39: =IF(OR($M39="",$N39=""),"",IF($N39>$M39,"EXCEDE SALDO",IF(OR($O39="",$P39=""),"OK",IF($P39<$O39,"DATAS INVÁLIDAS",IF($P39>$L39,"FORA DO PRAZO","OK"))))) -> OK
B40: PHDE | C40: FELIPE SANTOS ARAUJO | D40: ESPECIALISTA DE PLANEJAMENTO | E40: DIOGO HENRIQUE SOARES | F40: LEONARDO AUGUSTO OLIVEIRA DRUMOND | G40: 45936 | H40: 2025 | I40: 2026 | J40: =DATE($H40,MONTH($G40),DAY($G40)) -> 45936 | K40: =DATE($H40+1,MONTH($G40),DAY($G40)) -> 46301 | L40: =DATE(YEAR($K40)+1,MONTH($K40),DAY($K40)) -> 46666 | M40: 0 | N40: 0 | P40: =IF(OR(O40="",N40=""),"",O40+N40-1) | Q40: =IF($J40="","",MAX(0,$M40-SUMIFS($N:$N,$J:$J,$J40,$K:$K,$K40))) -> 0 | R40: =IF(OR($M40="",$N40=""),"",IF($N40>$M40,"EXCEDE SALDO",IF(OR($O40="",$P40=""),"OK",IF($P40<$O40,"DATAS INVÁLIDAS",IF($P40>$L40,"FORA DO PRAZO","OK"))))) -> OK | S40: =IF(OR($M40="",$N40=""),"",IF($N40>$M40,"EXCEDE SALDO",IF(OR($O40="",$P40=""),"OK",IF($P40<$O40,"DATAS INVÁLIDAS",IF($P40>$L40,"FORA DO PRAZO","OK"))))) -> OK
B41: PHDE | C41: FILIPHE CARVALHO DOS SANTOS | D41: CONSULTOR DE PLANEJAMENTO SR | E41: RONALDO MENDES MACHADO | F41: BRUNO ALBERTO AZEVEDO | G41: 44881 | H41: 2024 | I41: 2025 | J41: =DATE($H41,MONTH($G41),DAY($G41)) -> 45612 | K41: =DATE($H41+1,MONTH($G41),DAY($G41)) -> 45977 | L41: =DATE(YEAR($K41)+1,MONTH($K41),DAY($K41)) -> 46342 | M41: 14 | N41: 14 | O41: 46279 | P41: =IF(OR(O41="",N41=""),"",O41+N41-1) -> 46292 | Q41: =IF($J41="","",MAX(0,$M41-SUMIFS($N:$N,$J:$J,$J41,$K:$K,$K41))) -> 0 | R41: =IF(OR($M41="",$N41=""),"",IF($N41>$M41,"EXCEDE SALDO",IF(OR($O41="",$P41=""),"OK",IF($P41<$O41,"DATAS INVÁLIDAS",IF($P41>$L41,"FORA DO PRAZO","OK"))))) -> OK | S41: =IF(OR($M41="",$N41=""),"",IF($N41>$M41,"EXCEDE SALDO",IF(OR($O41="",$P41=""),"OK",IF($P41<$O41,"DATAS INVÁLIDAS",IF($P41>$L41,"FORA DO PRAZO","OK"))))) -> OK
B42: PHDE | C42: FILIPHE CARVALHO DOS SANTOS | D42: CONSULTOR DE PLANEJAMENTO SR | E42: RONALDO MENDES MACHADO | F42: BRUNO ALBERTO AZEVEDO | G42: 44881 | H42: 2025 | I42: 2026 | J42: =DATE($H42,MONTH($G42),DAY($G42)) -> 45977 | K42: =DATE($H42+1,MONTH($G42),DAY($G42)) -> 46342 | L42: =DATE(YEAR($K42)+1,MONTH($K42),DAY($K42)) -> 46707 | M42: 21 | N42: 21 | O42: 46062 | P42: =IF(OR(O42="",N42=""),"",O42+N42-1) -> 46082 | Q42: =IF($J42="","",MAX(0,$M42-SUMIFS($N:$N,$J:$J,$J42,$K:$K,$K42))) -> 0 | R42: =IF(OR($M42="",$N42=""),"",IF($N42>$M42,"EXCEDE SALDO",IF(OR($O42="",$P42=""),"OK",IF($P42<$O42,"DATAS INVÁLIDAS",IF($P42>$L42,"FORA DO PRAZO","OK"))))) -> OK | S42: =IF(OR($M42="",$N42=""),"",IF($N42>$M42,"EXCEDE SALDO",IF(OR($O42="",$P42=""),"OK",IF($P42<$O42,"DATAS INVÁLIDAS",IF($P42>$L42,"FORA DO PRAZO","OK"))))) -> OK
B43: PHDE | C43: GABRIEL DE ANDRADE ABUD | D43: CONSULTOR DE PLANEJAMENTO SR | E43: PAULO CEZAR DE PAIVA NETO | F43: PAULO CEZAR DE PAIVA NETO | G43: 45090 | H43: 2025 | I43: 2026 | J43: =DATE($H43,MONTH($G43),DAY($G43)) -> 45821 | K43: =DATE($H43+1,MONTH($G43),DAY($G43)) -> 46186 | L43: 46387 | M43: 21 | N43: 21 | O43: 46327 | P43: =IF(OR(O43="",N43=""),"",O43+N43-1) -> 46347 | Q43: =IF($J43="","",MAX(0,$M43-SUMIFS($N:$N,$J:$J,$J43,$K:$K,$K43))) -> 0 | R43: =IF(OR($M43="",$N43=""),"",IF($N43>$M43,"EXCEDE SALDO",IF(OR($O43="",$P43=""),"OK",IF($P43<$O43,"DATAS INVÁLIDAS",IF($P43>$L43,"FORA DO PRAZO","OK"))))) -> OK | S43: =IF(OR($M43="",$N43=""),"",IF($N43>$M43,"EXCEDE SALDO",IF(OR($O43="",$P43=""),"OK",IF($P43<$O43,"DATAS INVÁLIDAS",IF($P43>$L43,"FORA DO PRAZO","OK"))))) -> OK
B44: PHDE | C44: GABRIEL FRANCISCO DOS SANTOS | D44: CONSULTOR BIM PL | E44: ISAC RODRIGUES HORTA | F44: BRUNO ALBERTO AZEVEDO | G44: 45727 | H44: 2025 | I44: 2026 | J44: =DATE($H44,MONTH($G44),DAY($G44)) -> 45727 | K44: =DATE($H44+1,MONTH($G44),DAY($G44)) -> 46092 | L44: =DATE(YEAR($K44)+1,MONTH($K44),DAY($K44)) -> 46457 | M44: 21 | N44: 7 | O44: 46181 | P44: =IF(OR(O44="",N44=""),"",O44+N44-1) -> 46187 | Q44: =IF($J44="","",MAX(0,$M44-SUMIFS($N:$N,$J:$J,$J44,$K:$K,$K44))) -> 0 | R44: =IF(OR($M44="",$N44=""),"",IF($N44>$M44,"EXCEDE SALDO",IF(OR($O44="",$P44=""),"OK",IF($P44<$O44,"DATAS INVÁLIDAS",IF($P44>$L44,"FORA DO PRAZO","OK"))))) -> OK | S44: =IF(OR($M44="",$N44=""),"",IF($N44>$M44,"EXCEDE SALDO",IF(OR($O44="",$P44=""),"OK",IF($P44<$O44,"DATAS INVÁLIDAS",IF($P44>$L44,"FORA DO PRAZO","OK"))))) -> OK
B45: PHDE | C45: GABRIEL FRANCISCO DOS SANTOS | D45: CONSULTOR BIM PL | E45: ISAC RODRIGUES HORTA | F45: BRUNO ALBERTO AZEVEDO | G45: 45727 | H45: 2025 | I45: 2026 | J45: =DATE($H45,MONTH($G45),DAY($G45)) -> 45727 | K45: =DATE($H45+1,MONTH($G45),DAY($G45)) -> 46092 | L45: =DATE(YEAR($K45)+1,MONTH($K45),DAY($K45)) -> 46457 | M45: 14 | N45: 14 | O45: 46251 | P45: =IF(OR(O45="",N45=""),"",O45+N45-1) -> 46264 | Q45: =IF($J45="","",MAX(0,$M45-SUMIFS($N:$N,$J:$J,$J45,$K:$K,$K45))) -> 0 | R45: =IF(OR($M45="",$N45=""),"",IF($N45>$M45,"EXCEDE SALDO",IF(OR($O45="",$P45=""),"OK",IF($P45<$O45,"DATAS INVÁLIDAS",IF($P45>$L45,"FORA DO PRAZO","OK"))))) -> OK | S45: =IF(OR($M45="",$N45=""),"",IF($N45>$M45,"EXCEDE SALDO",IF(OR($O45="",$P45=""),"OK",IF($P45<$O45,"DATAS INVÁLIDAS",IF($P45>$L45,"FORA DO PRAZO","OK"))))) -> OK
B46: PHDE | C46: GUSTAVO BICALHO NOGUEIRA MARQUES | D46: ESPECIALISTA BIM | E46: ISAC RODRIGUES HORTA | F46: BRUNO ALBERTO AZEVEDO | G46: 45428 | H46: 2024 | I46: 2025 | J46: =DATE($H46,MONTH($G46),DAY($G46)) -> 45428 | K46: =DATE($H46+1,MONTH($G46),DAY($G46)) -> 45793 | L46: =DATE(YEAR($K46)+1,MONTH($K46),DAY($K46)) -> 46158 | M46: 21 | N46: 15 | O46: 46308 | P46: =IF(OR(O46="",N46=""),"",O46+N46-1) -> 46322 | Q46: =IF($J46="","",MAX(0,$M46-SUMIFS($N:$N,$J:$J,$J46,$K:$K,$K46))) -> 0 | R46: =IF(OR($M46="",$N46=""),"",IF($N46>$M46,"EXCEDE SALDO",IF(OR($O46="",$P46=""),"OK",IF($P46<$O46,"DATAS INVÁLIDAS",IF($P46>$L46,"FORA DO PRAZO","OK"))))) -> FORA DO PRAZO | S46: =IF(OR($M46="",$N46=""),"",IF($N46>$M46,"EXCEDE SALDO",IF(OR($O46="",$P46=""),"OK",IF($P46<$O46,"DATAS INVÁLIDAS",IF($P46>$L46,"FORA DO PRAZO","OK"))))) -> FORA DO PRAZO
B47: PHDE | C47: GUSTAVO BICALHO NOGUEIRA MARQUES | D47: ESPECIALISTA BIM | E47: ISAC RODRIGUES HORTA | F47: BRUNO ALBERTO AZEVEDO | G47: 45428 | H47: 2024 | I47: 2025 | J47: =DATE($H47,MONTH($G47),DAY($G47)) -> 45428 | K47: =DATE($H47+1,MONTH($G47),DAY($G47)) -> 45793 | L47: =DATE(YEAR($K47)+1,MONTH($K47),DAY($K47)) -> 46158 | M47: 6 | N47: 6 | O47: 46272 | P47: =IF(OR(O47="",N47=""),"",O47+N47-1) -> 46277 | Q47: =IF($J47="","",MAX(0,$M47-SUMIFS($N:$N,$J:$J,$J47,$K:$K,$K47))) -> 0 | R47: =IF(OR($M47="",$N47=""),"",IF($N47>$M47,"EXCEDE SALDO",IF(OR($O47="",$P47=""),"OK",IF($P47<$O47,"DATAS INVÁLIDAS",IF($P47>$L47,"FORA DO PRAZO","OK"))))) -> FORA DO PRAZO | S47: =IF(OR($M47="",$N47=""),"",IF($N47>$M47,"EXCEDE SALDO",IF(OR($O47="",$P47=""),"OK",IF($P47<$O47,"DATAS INVÁLIDAS",IF($P47>$L47,"FORA DO PRAZO","OK"))))) -> FORA DO PRAZO
B48: PHDE | C48: GUSTAVO BICALHO NOGUEIRA MARQUES | D48: ESPECIALISTA BIM | E48: ISAC RODRIGUES HORTA | F48: BRUNO ALBERTO AZEVEDO | G48: 45428 | H48: 2025 | I48: 2026 | J48: =DATE($H48,MONTH($G48),DAY($G48)) -> 45793 | K48: =DATE($H48+1,MONTH($G48),DAY($G48)) -> 46158 | L48: =DATE(YEAR($K48)+1,MONTH($K48),DAY($K48)) -> 46523 | M48: 21 | N48: 8 | O48: 46278 | P48: =IF(OR(O48="",N48=""),"",O48+N48-1) -> 46285 | Q48: =IF($J48="","",MAX(0,$M48-SUMIFS($N:$N,$J:$J,$J48,$K:$K,$K48))) -> 0 | R48: =IF(OR($M48="",$N48=""),"",IF($N48>$M48,"EXCEDE SALDO",IF(OR($O48="",$P48=""),"OK",IF($P48<$O48,"DATAS INVÁLIDAS",IF($P48>$L48,"FORA DO PRAZO","OK"))))) -> OK | S48: =IF(OR($M48="",$N48=""),"",IF($N48>$M48,"EXCEDE SALDO",IF(OR($O48="",$P48=""),"OK",IF($P48<$O48,"DATAS INVÁLIDAS",IF($P48>$L48,"FORA DO PRAZO","OK"))))) -> OK
B49: PHDE | C49: GUSTAVO BICALHO NOGUEIRA MARQUES | D49: ESPECIALISTA BIM | E49: ISAC RODRIGUES HORTA | F49: BRUNO ALBERTO AZEVEDO | G49: 45428 | H49: 2025 | I49: 2026 | J49: =DATE($H49,MONTH($G49),DAY($G49)) -> 45793 | K49: =DATE($H49+1,MONTH($G49),DAY($G49)) -> 46158 | L49: =DATE(YEAR($K49)+1,MONTH($K49),DAY($K49)) -> 46523 | M49: 13 | N49: 13 | O49: 46384 | P49: =IF(OR(O49="",N49=""),"",O49+N49-1) -> 46396 | Q49: =IF($J49="","",MAX(0,$M49-SUMIFS($N:$N,$J:$J,$J49,$K:$K,$K49))) -> 0 | R49: =IF(OR($M49="",$N49=""),"",IF($N49>$M49,"EXCEDE SALDO",IF(OR($O49="",$P49=""),"OK",IF($P49<$O49,"DATAS INVÁLIDAS",IF($P49>$L49,"FORA DO PRAZO","OK"))))) -> OK | S49: =IF(OR($M49="",$N49=""),"",IF($N49>$M49,"EXCEDE SALDO",IF(OR($O49="",$P49=""),"OK",IF($P49<$O49,"DATAS INVÁLIDAS",IF($P49>$L49,"FORA DO PRAZO","OK"))))) -> OK
B50: PHDE | C50: GUSTAVO VIEIRA LANA | D50: CONSULTOR DE PLANEJAMENTO SR | E50: EDUARDO DOS REIS ELER | F50: EDUARDO REIS ELER | G50: 45544 | H50: 2024 | I50: 2025 | J50: =DATE($H50,MONTH($G50),DAY($G50)) -> 45544 | K50: =DATE($H50+1,MONTH($G50),DAY($G50)) -> 45909 | L50: 46387 | M50: 21 | N50: 17 | O50: 46011 | P50: =IF(OR(O50="",N50=""),"",O50+N50-1) -> 46027 | Q50: =IF($J50="","",MAX(0,$M50-SUMIFS($N:$N,$J:$J,$J50,$K:$K,$K50))) -> 4 | R50: =IF(OR($M50="",$N50=""),"",IF($N50>$M50,"EXCEDE SALDO",IF(OR($O50="",$P50=""),"OK",IF($P50<$O50,"DATAS INVÁLIDAS",IF($P50>$L50,"FORA DO PRAZO","OK"))))) -> OK | S50: =IF(OR($M50="",$N50=""),"",IF($N50>$M50,"EXCEDE SALDO",IF(OR($O50="",$P50=""),"OK",IF($P50<$O50,"DATAS INVÁLIDAS",IF($P50>$L50,"FORA DO PRAZO","OK"))))) -> OK
B51: PHDE | C51: ICARO ANTONIO DUQUE BAHIA | D51: COORDENADOR DE PLANEJAMENTO | E51: BRUNO ALBERTO AZEVEDO | F51: BRUNO ALBERTO AZEVEDO | G51: 44795 | H51: 2024 | I51: 2025 | J51: =DATE($H51,MONTH($G51),DAY($G51)) -> 45526 | K51: =DATE($H51+1,MONTH($G51),DAY($G51)) -> 45891 | L51: =DATE(YEAR($K51)+1,MONTH($K51),DAY($K51)) -> 46256 | M51: 4 | N51: 4 | O51: 46118 | P51: =IF(OR(O51="",N51=""),"",O51+N51-1) -> 46121 | Q51: =IF($J51="","",MAX(0,$M51-SUMIFS($N:$N,$J:$J,$J51,$K:$K,$K51))) -> 0 | R51: =IF(OR($M51="",$N51=""),"",IF($N51>$M51,"EXCEDE SALDO",IF(OR($O51="",$P51=""),"OK",IF($P51<$O51,"DATAS INVÁLIDAS",IF($P51>$L51,"FORA DO PRAZO","OK"))))) -> OK | S51: =IF(OR($M51="",$N51=""),"",IF($N51>$M51,"EXCEDE SALDO",IF(OR($O51="",$P51=""),"OK",IF($P51<$O51,"DATAS INVÁLIDAS",IF($P51>$L51,"FORA DO PRAZO","OK"))))) -> OK
B52: PHDE | C52: ICARO ANTONIO DUQUE BAHIA | D52: COORDENADOR DE PLANEJAMENTO | E52: BRUNO ALBERTO AZEVEDO | F52: BRUNO ALBERTO AZEVEDO | G52: 44795 | H52: 2025 | I52: 2026 | J52: =DATE($H52,MONTH($G52),DAY($G52)) -> 45891 | K52: =DATE($H52+1,MONTH($G52),DAY($G52)) -> 46256 | L52: =DATE(YEAR($K52)+1,MONTH($K52),DAY($K52)) -> 46621 | M52: 21 | N52: 7 | O52: 46223 | P52: =IF(OR(O52="",N52=""),"",O52+N52-1) -> 46229 | Q52: =IF($J52="","",MAX(0,$M52-SUMIFS($N:$N,$J:$J,$J52,$K:$K,$K52))) -> 0 | R52: =IF(OR($M52="",$N52=""),"",IF($N52>$M52,"EXCEDE SALDO",IF(OR($O52="",$P52=""),"OK",IF($P52<$O52,"DATAS INVÁLIDAS",IF($P52>$L52,"FORA DO PRAZO","OK"))))) -> OK | S52: =IF(OR($M52="",$N52=""),"",IF($N52>$M52,"EXCEDE SALDO",IF(OR($O52="",$P52=""),"OK",IF($P52<$O52,"DATAS INVÁLIDAS",IF($P52>$L52,"FORA DO PRAZO","OK"))))) -> OK
B53: PHDE | C53: ICARO ANTONIO DUQUE BAHIA | D53: COORDENADOR DE PLANEJAMENTO | E53: BRUNO ALBERTO AZEVEDO | F53: BRUNO ALBERTO AZEVEDO | G53: 44795 | H53: 2025 | I53: 2026 | J53: =DATE($H53,MONTH($G53),DAY($G53)) -> 45891 | K53: =DATE($H53+1,MONTH($G53),DAY($G53)) -> 46256 | L53: =DATE(YEAR($K53)+1,MONTH($K53),DAY($K53)) -> 46621 | M53: 14 | N53: 7 | O53: 46273 | P53: =IF(OR(O53="",N53=""),"",O53+N53-1) -> 46279 | Q53: =IF($J53="","",MAX(0,$M53-SUMIFS($N:$N,$J:$J,$J53,$K:$K,$K53))) -> 0 | R53: =IF(OR($M53="",$N53=""),"",IF($N53>$M53,"EXCEDE SALDO",IF(OR($O53="",$P53=""),"OK",IF($P53<$O53,"DATAS INVÁLIDAS",IF($P53>$L53,"FORA DO PRAZO","OK"))))) -> OK | S53: =IF(OR($M53="",$N53=""),"",IF($N53>$M53,"EXCEDE SALDO",IF(OR($O53="",$P53=""),"OK",IF($P53<$O53,"DATAS INVÁLIDAS",IF($P53>$L53,"FORA DO PRAZO","OK"))))) -> OK
B54: PHDE | C54: ICARO ANTONIO DUQUE BAHIA | D54: COORDENADOR DE PLANEJAMENTO | E54: BRUNO ALBERTO AZEVEDO | F54: BRUNO ALBERTO AZEVEDO | G54: 44795 | H54: 2025 | I54: 2026 | J54: =DATE($H54,MONTH($G54),DAY($G54)) -> 45891 | K54: =DATE($H54+1,MONTH($G54),DAY($G54)) -> 46256 | L54: =DATE(YEAR($K54)+1,MONTH($K54),DAY($K54)) -> 46621 | M54: 7 | N54: 7 | O54: 46349 | P54: =IF(OR(O54="",N54=""),"",O54+N54-1) -> 46355 | Q54: =IF($J54="","",MAX(0,$M54-SUMIFS($N:$N,$J:$J,$J54,$K:$K,$K54))) -> 0 | R54: =IF(OR($M54="",$N54=""),"",IF($N54>$M54,"EXCEDE SALDO",IF(OR($O54="",$P54=""),"OK",IF($P54<$O54,"DATAS INVÁLIDAS",IF($P54>$L54,"FORA DO PRAZO","OK"))))) -> OK | S54: =IF(OR($M54="",$N54=""),"",IF($N54>$M54,"EXCEDE SALDO",IF(OR($O54="",$P54=""),"OK",IF($P54<$O54,"DATAS INVÁLIDAS",IF($P54>$L54,"FORA DO PRAZO","OK"))))) -> OK
B55: PHDE | C55: ISAC RODRIGUES HORTA | D55: GERENTE BIM | E55: BRUNO ALBERTO AZEVEDO | F55: BRUNO ALBERTO AZEVEDO | G55: 45712 | H55: 2025 | I55: 2026 | J55: =DATE($H55,MONTH($G55),DAY($G55)) -> 45712 | K55: =DATE($H55+1,MONTH($G55),DAY($G55)) -> 46077 | L55: =DATE(YEAR($K55)+1,MONTH($K55),DAY($K55)) -> 46442 | M55: 21 | N55: 14 | O55: 46167 | P55: =IF(OR(O55="",N55=""),"",O55+N55-1) -> 46180 | Q55: =IF($J55="","",MAX(0,$M55-SUMIFS($N:$N,$J:$J,$J55,$K:$K,$K55))) -> 0 | R55: =IF(OR($M55="",$N55=""),"",IF($N55>$M55,"EXCEDE SALDO",IF(OR($O55="",$P55=""),"OK",IF($P55<$O55,"DATAS INVÁLIDAS",IF($P55>$L55,"FORA DO PRAZO","OK"))))) -> OK | S55: =IF(OR($M55="",$N55=""),"",IF($N55>$M55,"EXCEDE SALDO",IF(OR($O55="",$P55=""),"OK",IF($P55<$O55,"DATAS INVÁLIDAS",IF($P55>$L55,"FORA DO PRAZO","OK"))))) -> OK
B56: PHDE | C56: ISAC RODRIGUES HORTA | D56: GERENTE BIM | E56: BRUNO ALBERTO AZEVEDO | F56: BRUNO ALBERTO AZEVEDO | G56: 45712 | H56: 2025 | I56: 2026 | J56: =DATE($H56,MONTH($G56),DAY($G56)) -> 45712 | K56: =DATE($H56+1,MONTH($G56),DAY($G56)) -> 46077 | L56: =DATE(YEAR($K56)+1,MONTH($K56),DAY($K56)) -> 46442 | M56: 7 | N56: 7 | O56: 46384 | P56: =IF(OR(O56="",N56=""),"",O56+N56-1) -> 46390 | Q56: =IF($J56="","",MAX(0,$M56-SUMIFS($N:$N,$J:$J,$J56,$K:$K,$K56))) -> 0 | R56: =IF(OR($M56="",$N56=""),"",IF($N56>$M56,"EXCEDE SALDO",IF(OR($O56="",$P56=""),"OK",IF($P56<$O56,"DATAS INVÁLIDAS",IF($P56>$L56,"FORA DO PRAZO","OK"))))) -> OK | S56: =IF(OR($M56="",$N56=""),"",IF($N56>$M56,"EXCEDE SALDO",IF(OR($O56="",$P56=""),"OK",IF($P56<$O56,"DATAS INVÁLIDAS",IF($P56>$L56,"FORA DO PRAZO","OK"))))) -> OK
B57: PHDE | C57: IVAN VERVE SANTOS SILVA | D57: CONSULTOR DE PLANEJAMENTO SR | E57: RONALDO MENDES MACHADO | F57: BRUNO ALBERTO AZEVEDO | G57: 44943 | H57: 2024 | I57: 2025 | J57: =DATE($H57,MONTH($G57),DAY($G57)) -> 45308 | K57: =DATE($H57+1,MONTH($G57),DAY($G57)) -> 45674 | L57: =DATE(YEAR($K57)+1,MONTH($K57),DAY($K57)) -> 46039 | M57: 28 | N57: 28 | O57: 46027 | P57: =IF(OR(O57="",N57=""),"",O57+N57-1) -> 46054 | Q57: =IF($J57="","",MAX(0,$M57-SUMIFS($N:$N,$J:$J,$J57,$K:$K,$K57))) -> 0 | R57: =IF(OR($M57="",$N57=""),"",IF($N57>$M57,"EXCEDE SALDO",IF(OR($O57="",$P57=""),"OK",IF($P57<$O57,"DATAS INVÁLIDAS",IF($P57>$L57,"FORA DO PRAZO","OK"))))) -> FORA DO PRAZO | S57: =IF(OR($M57="",$N57=""),"",IF($N57>$M57,"EXCEDE SALDO",IF(OR($O57="",$P57=""),"OK",IF($P57<$O57,"DATAS INVÁLIDAS",IF($P57>$L57,"FORA DO PRAZO","OK"))))) -> FORA DO PRAZO
B58: PHDE | C58: IVAN VERVE SANTOS SILVA | D58: CONSULTOR DE PLANEJAMENTO SR | E58: RONALDO MENDES MACHADO | F58: BRUNO ALBERTO AZEVEDO | G58: 44943 | H58: 2024 | I58: 2025 | J58: =DATE($H58,MONTH($G58),DAY($G58)) -> 45308 | K58: =DATE($H58+1,MONTH($G58),DAY($G58)) -> 45674 | L58: =DATE(YEAR($K58)+1,MONTH($K58),DAY($K58)) -> 46039 | M58: 2 | N58: 2 | O58: 46195 | P58: =IF(OR(O58="",N58=""),"",O58+N58-1) -> 46196 | Q58: =IF($J58="","",MAX(0,$M58-SUMIFS($N:$N,$J:$J,$J58,$K:$K,$K58))) -> 0 | R58: =IF(OR($M58="",$N58=""),"",IF($N58>$M58,"EXCEDE SALDO",IF(OR($O58="",$P58=""),"OK",IF($P58<$O58,"DATAS INVÁLIDAS",IF($P58>$L58,"FORA DO PRAZO","OK"))))) -> FORA DO PRAZO | S58: =IF(OR($M58="",$N58=""),"",IF($N58>$M58,"EXCEDE SALDO",IF(OR($O58="",$P58=""),"OK",IF($P58<$O58,"DATAS INVÁLIDAS",IF($P58>$L58,"FORA DO PRAZO","OK"))))) -> FORA DO PRAZO
B59: PHDE | C59: IVAN VERVE SANTOS SILVA | D59: CONSULTOR DE PLANEJAMENTO SR | E59: RONALDO MENDES MACHADO | F59: BRUNO ALBERTO AZEVEDO | G59: 44943 | H59: 2025 | I59: 2026 | J59: =DATE($H59,MONTH($G59),DAY($G59)) -> 45674 | K59: =DATE($H59+1,MONTH($G59),DAY($G59)) -> 46039 | L59: =DATE(YEAR($K59)+1,MONTH($K59),DAY($K59)) -> 46404 | M59: 21 | N59: 6 | O59: 46197 | P59: =IF(OR(O59="",N59=""),"",O59+N59-1) -> 46202 | Q59: =IF($J59="","",MAX(0,$M59-SUMIFS($N:$N,$J:$J,$J59,$K:$K,$K59))) -> 0 | R59: =IF(OR($M59="",$N59=""),"",IF($N59>$M59,"EXCEDE SALDO",IF(OR($O59="",$P59=""),"OK",IF($P59<$O59,"DATAS INVÁLIDAS",IF($P59>$L59,"FORA DO PRAZO","OK"))))) -> OK | S59: =IF(OR($M59="",$N59=""),"",IF($N59>$M59,"EXCEDE SALDO",IF(OR($O59="",$P59=""),"OK",IF($P59<$O59,"DATAS INVÁLIDAS",IF($P59>$L59,"FORA DO PRAZO","OK"))))) -> OK
B60: PHDE | C60: IVAN VERVE SANTOS SILVA | D60: CONSULTOR DE PLANEJAMENTO SR | E60: RONALDO MENDES MACHADO | F60: BRUNO ALBERTO AZEVEDO | G60: 44943 | H60: 2025 | I60: 2026 | J60: =DATE($H60,MONTH($G60),DAY($G60)) -> 45674 | K60: =DATE($H60+1,MONTH($G60),DAY($G60)) -> 46039 | L60: =DATE(YEAR($K60)+1,MONTH($K60),DAY($K60)) -> 46404 | M60: 15 | N60: 15 | O60: 46349 | P60: =IF(OR(O60="",N60=""),"",O60+N60-1) -> 46363 | Q60: =IF($J60="","",MAX(0,$M60-SUMIFS($N:$N,$J:$J,$J60,$K:$K,$K60))) -> 0 | R60: =IF(OR($M60="",$N60=""),"",IF($N60>$M60,"EXCEDE SALDO",IF(OR($O60="",$P60=""),"OK",IF($P60<$O60,"DATAS INVÁLIDAS",IF($P60>$L60,"FORA DO PRAZO","OK"))))) -> OK | S60: =IF(OR($M60="",$N60=""),"",IF($N60>$M60,"EXCEDE SALDO",IF(OR($O60="",$P60=""),"OK",IF($P60<$O60,"DATAS INVÁLIDAS",IF($P60>$L60,"FORA DO PRAZO","OK"))))) -> OK
B61: PHDE | C61: IVANO ROBERTO SILVA DA CRUZ | D61: HEAD DE QUALIDADE | E61: IVANO ROBERTO SILVA DA CRUZ | F61: PEDRO HENRIQUE BRAGA DE MORAIS | G61: 44670 | H61: 2024 | I61: 2025 | J61: =DATE($H61,MONTH($G61),DAY($G61)) -> 45401 | K61: =DATE($H61+1,MONTH($G61),DAY($G61)) -> 45766 | L61: =DATE(YEAR($K61)+1,MONTH($K61),DAY($K61)) -> 46131 | M61: 14 | N61: 14 | O61: 46195 | P61: =IF(OR(O61="",N61=""),"",O61+N61-1) -> 46208 | Q61: =IF($J61="","",MAX(0,$M61-SUMIFS($N:$N,$J:$J,$J61,$K:$K,$K61))) -> 0 | R61: =IF(OR($M61="",$N61=""),"",IF($N61>$M61,"EXCEDE SALDO",IF(OR($O61="",$P61=""),"OK",IF($P61<$O61,"DATAS INVÁLIDAS",IF($P61>$L61,"FORA DO PRAZO","OK"))))) -> FORA DO PRAZO | S61: =IF(OR($M61="",$N61=""),"",IF($N61>$M61,"EXCEDE SALDO",IF(OR($O61="",$P61=""),"OK",IF($P61<$O61,"DATAS INVÁLIDAS",IF($P61>$L61,"FORA DO PRAZO","OK"))))) -> FORA DO PRAZO
B62: PHDE | C62: IVANO ROBERTO SILVA DA CRUZ | D62: HEAD DE QUALIDADE | E62: IVANO ROBERTO SILVA DA CRUZ | F62: PEDRO HENRIQUE BRAGA DE MORAIS | G62: 44670 | H62: 2025 | I62: 2026 | J62: =DATE($H62,MONTH($G62),DAY($G62)) -> 45766 | K62: =DATE($H62+1,MONTH($G62),DAY($G62)) -> 46131 | L62: =DATE(YEAR($K62)+1,MONTH($K62),DAY($K62)) -> 46496 | M62: 21 | N62: 21 | O62: 46419 | P62: =IF(OR(O62="",N62=""),"",O62+N62-1) -> 46439 | Q62: =IF($J62="","",MAX(0,$M62-SUMIFS($N:$N,$J:$J,$J62,$K:$K,$K62))) -> 0 | R62: =IF(OR($M62="",$N62=""),"",IF($N62>$M62,"EXCEDE SALDO",IF(OR($O62="",$P62=""),"OK",IF($P62<$O62,"DATAS INVÁLIDAS",IF($P62>$L62,"FORA DO PRAZO","OK"))))) -> OK | S62: =IF(OR($M62="",$N62=""),"",IF($N62>$M62,"EXCEDE SALDO",IF(OR($O62="",$P62=""),"OK",IF($P62<$O62,"DATAS INVÁLIDAS",IF($P62>$L62,"FORA DO PRAZO","OK"))))) -> OK
B63: PHDE | C63: JAKELINE RAYANE BARROS FELIX | D63: CONSULTOR LEAN SR | E63: THALES SANDER CARVALHO DE PÁDUA | F63: EDUARDO REIS ELER | G63: 45565 | H63: 2024 | I63: 2025 | J63: =DATE($H63,MONTH($G63),DAY($G63)) -> 45565 | K63: =DATE($H63+1,MONTH($G63),DAY($G63)) -> 45930 | L63: 46387 | M63: 21 | N63: 21 | O63: 45992 | P63: =IF(OR(O63="",N63=""),"",O63+N63-1) -> 46012 | Q63: =IF($J63="","",MAX(0,$M63-SUMIFS($N:$N,$J:$J,$J63,$K:$K,$K63))) -> 0 | R63: =IF(OR($M63="",$N63=""),"",IF($N63>$M63,"EXCEDE SALDO",IF(OR($O63="",$P63=""),"OK",IF($P63<$O63,"DATAS INVÁLIDAS",IF($P63>$L63,"FORA DO PRAZO","OK"))))) -> OK | S63: =IF(OR($M63="",$N63=""),"",IF($N63>$M63,"EXCEDE SALDO",IF(OR($O63="",$P63=""),"OK",IF($P63<$O63,"DATAS INVÁLIDAS",IF($P63>$L63,"FORA DO PRAZO","OK"))))) -> OK
B64: PHDE | C64: JARBAS DE MAGALHAES SILVA JUNIOR | D64: COORDENADOR ADMINISTRATIVO | E64: JARBAS DE MAGALHAES SILVA JUNIOR | F64: PEDRO HENRIQUE BRAGA DE MORAIS | G64: 45106 | H64: 2024 | I64: 2025 | J64: =DATE($H64,MONTH($G64),DAY($G64)) -> 45472 | K64: =DATE($H64+1,MONTH($G64),DAY($G64)) -> 45837 | L64: =DATE(YEAR($K64)+1,MONTH($K64),DAY($K64)) -> 46202 | M64: 21 | N64: 7 | O64: 46134 | P64: =IF(OR(O64="",N64=""),"",O64+N64-1) -> 46140 | Q64: =IF($J64="","",MAX(0,$M64-SUMIFS($N:$N,$J:$J,$J64,$K:$K,$K64))) -> 0 | R64: =IF(OR($M64="",$N64=""),"",IF($N64>$M64,"EXCEDE SALDO",IF(OR($O64="",$P64=""),"OK",IF($P64<$O64,"DATAS INVÁLIDAS",IF($P64>$L64,"FORA DO PRAZO","OK"))))) -> OK | S64: =IF(OR($M64="",$N64=""),"",IF($N64>$M64,"EXCEDE SALDO",IF(OR($O64="",$P64=""),"OK",IF($P64<$O64,"DATAS INVÁLIDAS",IF($P64>$L64,"FORA DO PRAZO","OK"))))) -> OK
B65: PHDE | C65: JARBAS DE MAGALHAES SILVA JUNIOR | D65: COORDENADOR ADMINISTRATIVO | E65: JARBAS DE MAGALHAES SILVA JUNIOR | F65: PEDRO HENRIQUE BRAGA DE MORAIS | G65: 45106 | H65: 2024 | I65: 2025 | J65: =DATE($H65,MONTH($G65),DAY($G65)) -> 45472 | K65: =DATE($H65+1,MONTH($G65),DAY($G65)) -> 45837 | L65: =DATE(YEAR($K65)+1,MONTH($K65),DAY($K65)) -> 46202 | M65: 14 | N65: 7 | O65: 46181 | P65: =IF(OR(O65="",N65=""),"",O65+N65-1) -> 46187 | Q65: =IF($J65="","",MAX(0,$M65-SUMIFS($N:$N,$J:$J,$J65,$K:$K,$K65))) -> 0 | R65: =IF(OR($M65="",$N65=""),"",IF($N65>$M65,"EXCEDE SALDO",IF(OR($O65="",$P65=""),"OK",IF($P65<$O65,"DATAS INVÁLIDAS",IF($P65>$L65,"FORA DO PRAZO","OK"))))) -> OK | S65: =IF(OR($M65="",$N65=""),"",IF($N65>$M65,"EXCEDE SALDO",IF(OR($O65="",$P65=""),"OK",IF($P65<$O65,"DATAS INVÁLIDAS",IF($P65>$L65,"FORA DO PRAZO","OK"))))) -> OK
B66: PHDE | C66: JARBAS DE MAGALHAES SILVA JUNIOR | D66: COORDENADOR ADMINISTRATIVO | E66: JARBAS DE MAGALHAES SILVA JUNIOR | F66: PEDRO HENRIQUE BRAGA DE MORAIS | G66: 45106 | H66: 2024 | I66: 2025 | J66: =DATE($H66,MONTH($G66),DAY($G66)) -> 45472 | K66: =DATE($H66+1,MONTH($G66),DAY($G66)) -> 45837 | L66: =DATE(YEAR($K66)+1,MONTH($K66),DAY($K66)) -> 46202 | M66: 7 | N66: 7 | O66: 46273 | P66: =IF(OR(O66="",N66=""),"",O66+N66-1) -> 46279 | Q66: =IF($J66="","",MAX(0,$M66-SUMIFS($N:$N,$J:$J,$J66,$K:$K,$K66))) -> 0 | R66: =IF(OR($M66="",$N66=""),"",IF($N66>$M66,"EXCEDE SALDO",IF(OR($O66="",$P66=""),"OK",IF($P66<$O66,"DATAS INVÁLIDAS",IF($P66>$L66,"FORA DO PRAZO","OK"))))) -> FORA DO PRAZO | S66: =IF(OR($M66="",$N66=""),"",IF($N66>$M66,"EXCEDE SALDO",IF(OR($O66="",$P66=""),"OK",IF($P66<$O66,"DATAS INVÁLIDAS",IF($P66>$L66,"FORA DO PRAZO","OK"))))) -> FORA DO PRAZO
B67: PHDE | C67: JARBAS DE MAGALHAES SILVA JUNIOR | D67: COORDENADOR ADMINISTRATIVO | E67: JARBAS DE MAGALHAES SILVA JUNIOR | F67: PEDRO HENRIQUE BRAGA DE MORAIS | G67: 45106 | H67: 2025 | I67: 2026 | J67: =DATE($H67,MONTH($G67),DAY($G67)) -> 45837 | K67: =DATE($H67+1,MONTH($G67),DAY($G67)) -> 46202 | L67: =DATE(YEAR($K67)+1,MONTH($K67),DAY($K67)) -> 46567 | M67: 21 | N67: 15 | O67: 46308 | P67: =IF(OR(O67="",N67=""),"",O67+N67-1) -> 46322 | Q67: =IF($J67="","",MAX(0,$M67-SUMIFS($N:$N,$J:$J,$J67,$K:$K,$K67))) -> 0 | R67: =IF(OR($M67="",$N67=""),"",IF($N67>$M67,"EXCEDE SALDO",IF(OR($O67="",$P67=""),"OK",IF($P67<$O67,"DATAS INVÁLIDAS",IF($P67>$L67,"FORA DO PRAZO","OK"))))) -> OK | S67: =IF(OR($M67="",$N67=""),"",IF($N67>$M67,"EXCEDE SALDO",IF(OR($O67="",$P67=""),"OK",IF($P67<$O67,"DATAS INVÁLIDAS",IF($P67>$L67,"FORA DO PRAZO","OK"))))) -> OK
B68: PHDE | C68: JARBAS DE MAGALHAES SILVA JUNIOR | D68: COORDENADOR ADMINISTRATIVO | E68: JARBAS DE MAGALHAES SILVA JUNIOR | F68: PEDRO HENRIQUE BRAGA DE MORAIS | G68: 45106 | H68: 2025 | I68: 2026 | J68: =DATE($H68,MONTH($G68),DAY($G68)) -> 45837 | K68: =DATE($H68+1,MONTH($G68),DAY($G68)) -> 46202 | L68: =DATE(YEAR($K68)+1,MONTH($K68),DAY($K68)) -> 46567 | M68: 6 | N68: 6 | O68: 46026 | P68: =IF(OR(O68="",N68=""),"",O68+N68-1) -> 46031 | Q68: =IF($J68="","",MAX(0,$M68-SUMIFS($N:$N,$J:$J,$J68,$K:$K,$K68))) -> 0 | R68: =IF(OR($M68="",$N68=""),"",IF($N68>$M68,"EXCEDE SALDO",IF(OR($O68="",$P68=""),"OK",IF($P68<$O68,"DATAS INVÁLIDAS",IF($P68>$L68,"FORA DO PRAZO","OK"))))) -> OK | S68: =IF(OR($M68="",$N68=""),"",IF($N68>$M68,"EXCEDE SALDO",IF(OR($O68="",$P68=""),"OK",IF($P68<$O68,"DATAS INVÁLIDAS",IF($P68>$L68,"FORA DO PRAZO","OK"))))) -> OK
B69: PHDE | C69: JEFERSON EXPEDITO DE OLIVEIRA SILVA | D69: CONSULTOR DE PLANEJAMENTO SR | E69: DIOGO HENRIQUE SOARES | F69: LEONARDO AUGUSTO OLIVEIRA DRUMOND | G69: 45148 | H69: 2024 | I69: 2025 | J69: =DATE($H69,MONTH($G69),DAY($G69)) -> 45514 | K69: =DATE($H69+1,MONTH($G69),DAY($G69)) -> 45879 | L69: 46387 | M69: 42 | N69: 21 | O69: 46259 | P69: =IF(OR(O69="",N69=""),"",O69+N69-1) -> 46279 | Q69: =IF($J69="","",MAX(0,$M69-SUMIFS($N:$N,$J:$J,$J69,$K:$K,$K69))) -> 0 | R69: =IF(OR($M69="",$N69=""),"",IF($N69>$M69,"EXCEDE SALDO",IF(OR($O69="",$P69=""),"OK",IF($P69<$O69,"DATAS INVÁLIDAS",IF($P69>$L69,"FORA DO PRAZO","OK"))))) -> OK | S69: =IF(OR($M69="",$N69=""),"",IF($N69>$M69,"EXCEDE SALDO",IF(OR($O69="",$P69=""),"OK",IF($P69<$O69,"DATAS INVÁLIDAS",IF($P69>$L69,"FORA DO PRAZO","OK"))))) -> OK
B70: PHDE | C70: JEFERSON EXPEDITO DE OLIVEIRA SILVA | D70: CONSULTOR DE PLANEJAMENTO SR | E70: DIOGO HENRIQUE SOARES | F70: LEONARDO AUGUSTO OLIVEIRA DRUMOND | G70: 45148 | H70: 2024 | I70: 2025 | J70: =DATE($H70,MONTH($G70),DAY($G70)) -> 45514 | K70: =DATE($H70+1,MONTH($G70),DAY($G70)) -> 45879 | L70: 46387 | M70: 21 | N70: 21 | O70: 46366 | P70: =IF(OR(O70="",N70=""),"",O70+N70-1) -> 46386 | Q70: =IF($J70="","",MAX(0,$M70-SUMIFS($N:$N,$J:$J,$J70,$K:$K,$K70))) -> 0 | R70: =IF(OR($M70="",$N70=""),"",IF($N70>$M70,"EXCEDE SALDO",IF(OR($O70="",$P70=""),"OK",IF($P70<$O70,"DATAS INVÁLIDAS",IF($P70>$L70,"FORA DO PRAZO","OK"))))) -> OK | S70: =IF(OR($M70="",$N70=""),"",IF($N70>$M70,"EXCEDE SALDO",IF(OR($O70="",$P70=""),"OK",IF($P70<$O70,"DATAS INVÁLIDAS",IF($P70>$L70,"FORA DO PRAZO","OK"))))) -> OK
B71: PHDE | C71: JEFFERSON MAGALHAES DE SA | D71: CONSULTOR DE PLANEJAMENTO SR | E71: ALESSANDRO PEREIRA MOREIRA | F71: DIEGO FIRME BERNARDES | G71: 45722 | H71: 2025 | I71: 2026 | J71: =DATE($H71,MONTH($G71),DAY($G71)) -> 45722 | K71: =DATE($H71+1,MONTH($G71),DAY($G71)) -> 46087 | L71: 46387 | M71: 16 | N71: 16 | O71: 46118 | P71: =IF(OR(O71="",N71=""),"",O71+N71-1) -> 46133 | Q71: =IF($J71="","",MAX(0,$M71-SUMIFS($N:$N,$J:$J,$J71,$K:$K,$K71))) -> 0 | R71: =IF(OR($M71="",$N71=""),"",IF($N71>$M71,"EXCEDE SALDO",IF(OR($O71="",$P71=""),"OK",IF($P71<$O71,"DATAS INVÁLIDAS",IF($P71>$L71,"FORA DO PRAZO","OK"))))) -> OK | S71: =IF(OR($M71="",$N71=""),"",IF($N71>$M71,"EXCEDE SALDO",IF(OR($O71="",$P71=""),"OK",IF($P71<$O71,"DATAS INVÁLIDAS",IF($P71>$L71,"FORA DO PRAZO","OK"))))) -> OK
B72: PHDE | C72: JOSE ANTONIO RIBEIRO VARGAS | D72: ESPECIALISTA BIM PL | E72: ISAC RODRIGUES HORTA | F72: BRUNO ALBERTO AZEVEDO | G72: 45414 | H72: 2024 | I72: 2025 | J72: =DATE($H72,MONTH($G72),DAY($G72)) -> 45414 | K72: =DATE($H72+1,MONTH($G72),DAY($G72)) -> 45779 | L72: =DATE(YEAR($K72)+1,MONTH($K72),DAY($K72)) -> 46144 | M72: 21 | N72: 21 | O72: 46245 | P72: =IF(OR(O72="",N72=""),"",O72+N72-1) -> 46265 | Q72: =IF($J72="","",MAX(0,$M72-SUMIFS($N:$N,$J:$J,$J72,$K:$K,$K72))) -> 0 | R72: =IF(OR($M72="",$N72=""),"",IF($N72>$M72,"EXCEDE SALDO",IF(OR($O72="",$P72=""),"OK",IF($P72<$O72,"DATAS INVÁLIDAS",IF($P72>$L72,"FORA DO PRAZO","OK"))))) -> FORA DO PRAZO | S72: =IF(OR($M72="",$N72=""),"",IF($N72>$M72,"EXCEDE SALDO",IF(OR($O72="",$P72=""),"OK",IF($P72<$O72,"DATAS INVÁLIDAS",IF($P72>$L72,"FORA DO PRAZO","OK"))))) -> FORA DO PRAZO
B73: PHDE | C73: JOSE ANTONIO RIBEIRO VARGAS | D73: ESPECIALISTA BIM PL | E73: ISAC RODRIGUES HORTA | F73: BRUNO ALBERTO AZEVEDO | G73: 45414 | H73: 2024 | I73: 2025 | J73: 45414 | K73: 45779 | L73: 46144 | M73: 21 | N73: 14 | O73: 46286 | P73: =IF(OR(O73="",N73=""),"",O73+N73-1) -> 46299 | Q73: =IF($J73="","",MAX(0,$M73-SUMIFS($N:$N,$J:$J,$J73,$K:$K,$K73))) -> 0 | R73: =IF(OR($M73="",$N73=""),"",IF($N73>$M73,"EXCEDE SALDO",IF(OR($O73="",$P73=""),"OK",IF($P73<$O73,"DATAS INVÁLIDAS",IF($P73>$L73,"FORA DO PRAZO","OK"))))) -> FORA DO PRAZO | S73: =IF(OR($M73="",$N73=""),"",IF($N73>$M73,"EXCEDE SALDO",IF(OR($O73="",$P73=""),"OK",IF($P73<$O73,"DATAS INVÁLIDAS",IF($P73>$L73,"FORA DO PRAZO","OK"))))) -> FORA DO PRAZO
B74: PHDE | C74: JOSE ANTONIO RIBEIRO VARGAS | D74: ESPECIALISTA BIM PL | E74: ISAC RODRIGUES HORTA | F74: BRUNO ALBERTO AZEVEDO | G74: 45414 | H74: 2025 | I74: 2026 | J74: =DATE($H74,MONTH($G74),DAY($G74)) -> 45779 | K74: =DATE($H74+1,MONTH($G74),DAY($G74)) -> 46144 | L74: =DATE(YEAR($K74)+1,MONTH($K74),DAY($K74)) -> 46509 | M74: 7 | N74: 7 | O74: 46321 | P74: =IF(OR(O74="",N74=""),"",O74+N74-1) -> 46327 | Q74: =IF($J74="","",MAX(0,$M74-SUMIFS($N:$N,$J:$J,$J74,$K:$K,$K74))) -> 0 | R74: =IF(OR($M74="",$N74=""),"",IF($N74>$M74,"EXCEDE SALDO",IF(OR($O74="",$P74=""),"OK",IF($P74<$O74,"DATAS INVÁLIDAS",IF($P74>$L74,"FORA DO PRAZO","OK"))))) -> OK | S74: =IF(OR($M74="",$N74=""),"",IF($N74>$M74,"EXCEDE SALDO",IF(OR($O74="",$P74=""),"OK",IF($P74<$O74,"DATAS INVÁLIDAS",IF($P74>$L74,"FORA DO PRAZO","OK"))))) -> OK
B75: PHDE | C75: JULIA BRANDAO ROCHA | D75: ESPECIALISTA DE PMO | E75: VINICIUS ANDALÉCIO DA SILVA COSTA | F75: ANDRE LUIZ COSTA GUIMARÃES | G75: 45568 | H75: 2024 | I75: 2025 | J75: =DATE($H75,MONTH($G75),DAY($G75)) -> 45568 | K75: =DATE($H75+1,MONTH($G75),DAY($G75)) -> 45933 | L75: =DATE(YEAR($K75)+1,MONTH($K75),DAY($K75)) -> 46298 | M75: 21 | N75: 11 | O75: 46072 | P75: =IF(OR(O75="",N75=""),"",O75+N75-1) -> 46082 | Q75: =IF($J75="","",MAX(0,$M75-SUMIFS($N:$N,$J:$J,$J75,$K:$K,$K75))) -> 0 | R75: =IF(OR($M75="",$N75=""),"",IF($N75>$M75,"EXCEDE SALDO",IF(OR($O75="",$P75=""),"OK",IF($P75<$O75,"DATAS INVÁLIDAS",IF($P75>$L75,"FORA DO PRAZO","OK"))))) -> OK | S75: =IF(OR($M75="",$N75=""),"",IF($N75>$M75,"EXCEDE SALDO",IF(OR($O75="",$P75=""),"OK",IF($P75<$O75,"DATAS INVÁLIDAS",IF($P75>$L75,"FORA DO PRAZO","OK"))))) -> OK
B76: PHDE | C76: JULIA BRANDAO ROCHA | D76: ESPECIALISTA DE PMO | E76: VINICIUS ANDALÉCIO DA SILVA COSTA | F76: ANDRE LUIZ COSTA GUIMARÃES | G76: 45568 | H76: 2024 | I76: 2025 | J76: =DATE($H76,MONTH($G76),DAY($G76)) -> 45568 | K76: =DATE($H76+1,MONTH($G76),DAY($G76)) -> 45933 | L76: =DATE(YEAR($K76)+1,MONTH($K76),DAY($K76)) -> 46298 | M76: 10 | N76: 10 | O76: 46244 | P76: =IF(OR(O76="",N76=""),"",O76+N76-1) -> 46253 | Q76: =IF($J76="","",MAX(0,$M76-SUMIFS($N:$N,$J:$J,$J76,$K:$K,$K76))) -> 0 | R76: =IF(OR($M76="",$N76=""),"",IF($N76>$M76,"EXCEDE SALDO",IF(OR($O76="",$P76=""),"OK",IF($P76<$O76,"DATAS INVÁLIDAS",IF($P76>$L76,"FORA DO PRAZO","OK"))))) -> OK | S76: =IF(OR($M76="",$N76=""),"",IF($N76>$M76,"EXCEDE SALDO",IF(OR($O76="",$P76=""),"OK",IF($P76<$O76,"DATAS INVÁLIDAS",IF($P76>$L76,"FORA DO PRAZO","OK"))))) -> OK
B77: PHDE | C77: KARINE VITORIA MADEIRA GAMA | D77: ESPECIALISTA DE PLANEJAMENTO | E77: RONALDO MENDES MACHADO | F77: BRUNO ALBERTO AZEVEDO | G77: 44650 | H77: 2023 | I77: 2024 | J77: =DATE($H77,MONTH($G77),DAY($G77)) -> 45015 | K77: =DATE($H77+1,MONTH($G77),DAY($G77)) -> 45381 | L77: =DATE(YEAR($K77)+1,MONTH($K77),DAY($K77)) -> 45746 | M77: 12 | N77: 12 | O77: 46024 | P77: =IF(OR(O77="",N77=""),"",O77+N77-1) -> 46035 | Q77: =IF($J77="","",MAX(0,$M77-SUMIFS($N:$N,$J:$J,$J77,$K:$K,$K77))) -> 0 | R77: =IF(OR($M77="",$N77=""),"",IF($N77>$M77,"EXCEDE SALDO",IF(OR($O77="",$P77=""),"OK",IF($P77<$O77,"DATAS INVÁLIDAS",IF($P77>$L77,"FORA DO PRAZO","OK"))))) -> FORA DO PRAZO | S77: =IF(OR($M77="",$N77=""),"",IF($N77>$M77,"EXCEDE SALDO",IF(OR($O77="",$P77=""),"OK",IF($P77<$O77,"DATAS INVÁLIDAS",IF($P77>$L77,"FORA DO PRAZO","OK"))))) -> FORA DO PRAZO
B78: PHDE | C78: KARINE VITORIA MADEIRA GAMA | D78: ESPECIALISTA DE PLANEJAMENTO | E78: RONALDO MENDES MACHADO | F78: BRUNO ALBERTO AZEVEDO | G78: 44650 | H78: 2024 | I78: 2025 | J78: =DATE($H78,MONTH($G78),DAY($G78)) -> 45381 | K78: =DATE($H78+1,MONTH($G78),DAY($G78)) -> 45746 | L78: =DATE(YEAR($K78)+1,MONTH($K78),DAY($K78)) -> 46111 | M78: 21 | N78: 21 | O78: 46146 | P78: =IF(OR(O78="",N78=""),"",O78+N78-1) -> 46166 | Q78: =IF($J78="","",MAX(0,$M78-SUMIFS($N:$N,$J:$J,$J78,$K:$K,$K78))) -> 0 | R78: =IF(OR($M78="",$N78=""),"",IF($N78>$M78,"EXCEDE SALDO",IF(OR($O78="",$P78=""),"OK",IF($P78<$O78,"DATAS INVÁLIDAS",IF($P78>$L78,"FORA DO PRAZO","OK"))))) -> FORA DO PRAZO | S78: =IF(OR($M78="",$N78=""),"",IF($N78>$M78,"EXCEDE SALDO",IF(OR($O78="",$P78=""),"OK",IF($P78<$O78,"DATAS INVÁLIDAS",IF($P78>$L78,"FORA DO PRAZO","OK"))))) -> FORA DO PRAZO
B79: PHDE | C79: KARINE VITORIA MADEIRA GAMA | D79: ESPECIALISTA DE PLANEJAMENTO | E79: RONALDO MENDES MACHADO | F79: BRUNO ALBERTO AZEVEDO | G79: 44650 | H79: 2025 | I79: 2026 | J79: =DATE($H79,MONTH($G79),DAY($G79)) -> 45746 | K79: =DATE($H79+1,MONTH($G79),DAY($G79)) -> 46111 | L79: =DATE(YEAR($K79)+1,MONTH($K79),DAY($K79)) -> 46476 | M79: 21 | N79: 21 | O79: 46314 | P79: =IF(OR(O79="",N79=""),"",O79+N79-1) -> 46334 | Q79: =IF($J79="","",MAX(0,$M79-SUMIFS($N:$N,$J:$J,$J79,$K:$K,$K79))) -> 0 | R79: =IF(OR($M79="",$N79=""),"",IF($N79>$M79,"EXCEDE SALDO",IF(OR($O79="",$P79=""),"OK",IF($P79<$O79,"DATAS INVÁLIDAS",IF($P79>$L79,"FORA DO PRAZO","OK"))))) -> OK | S79: =IF(OR($M79="",$N79=""),"",IF($N79>$M79,"EXCEDE SALDO",IF(OR($O79="",$P79=""),"OK",IF($P79<$O79,"DATAS INVÁLIDAS",IF($P79>$L79,"FORA DO PRAZO","OK"))))) -> OK
B80: PHDE | C80: LAURA DE CASTRO SAMPAIO | D80: CONSULTOR BIM | E80: ISAC RODRIGUES HORTA | F80: BRUNO ALBERTO AZEVEDO | G80: 45839 | H80: 2025 | I80: 2026 | J80: =DATE($H80,MONTH($G80),DAY($G80)) -> 45839 | K80: =DATE($H80+1,MONTH($G80),DAY($G80)) -> 46204 | L80: =DATE(YEAR($K80)+1,MONTH($K80),DAY($K80)) -> 46569 | M80: 21 | N80: 14 | O80: 46097 | P80: =IF(OR(O80="",N80=""),"",O80+N80-1) -> 46110 | Q80: =IF($J80="","",MAX(0,$M80-SUMIFS($N:$N,$J:$J,$J80,$K:$K,$K80))) -> 0 | R80: =IF(OR($M80="",$N80=""),"",IF($N80>$M80,"EXCEDE SALDO",IF(OR($O80="",$P80=""),"OK",IF($P80<$O80,"DATAS INVÁLIDAS",IF($P80>$L80,"FORA DO PRAZO","OK"))))) -> OK | S80: =IF(OR($M80="",$N80=""),"",IF($N80>$M80,"EXCEDE SALDO",IF(OR($O80="",$P80=""),"OK",IF($P80<$O80,"DATAS INVÁLIDAS",IF($P80>$L80,"FORA DO PRAZO","OK"))))) -> OK
B81: PHDE | C81: LAURA DE CASTRO SAMPAIO | D81: CONSULTOR BIM | E81: ISAC RODRIGUES HORTA | F81: BRUNO ALBERTO AZEVEDO | G81: 45839 | H81: 2025 | I81: 2026 | J81: =DATE($H81,MONTH($G81),DAY($G81)) -> 45839 | K81: =DATE($H81+1,MONTH($G81),DAY($G81)) -> 46204 | L81: =DATE(YEAR($K81)+1,MONTH($K81),DAY($K81)) -> 46569 | M81: 7 | N81: 7 | O81: 46146 | P81: =IF(OR(O81="",N81=""),"",O81+N81-1) -> 46152 | Q81: =IF($J81="","",MAX(0,$M81-SUMIFS($N:$N,$J:$J,$J81,$K:$K,$K81))) -> 0 | R81: =IF(OR($M81="",$N81=""),"",IF($N81>$M81,"EXCEDE SALDO",IF(OR($O81="",$P81=""),"OK",IF($P81<$O81,"DATAS INVÁLIDAS",IF($P81>$L81,"FORA DO PRAZO","OK"))))) -> OK | S81: =IF(OR($M81="",$N81=""),"",IF($N81>$M81,"EXCEDE SALDO",IF(OR($O81="",$P81=""),"OK",IF($P81<$O81,"DATAS INVÁLIDAS",IF($P81>$L81,"FORA DO PRAZO","OK"))))) -> OK
B82: PHDE | C82: LENNON MICHAEL MOREIRA SANTOS | D82: ESPECIALISTA DE PMO | E82: ANDRE LUIZ COSTA GUIMARAES | F82: ANDRE LUIZ COSTA GUIMARÃES | G82: 45748 | H82: 2025 | I82: 2026 | J82: =DATE($H82,MONTH($G82),DAY($G82)) -> 45748 | K82: =DATE($H82+1,MONTH($G82),DAY($G82)) -> 46113 | L82: =DATE(YEAR($K82)+1,MONTH($K82),DAY($K82)) -> 46478 | M82: 21 | N82: 7 | O82: 46146 | P82: =IF(OR(O82="",N82=""),"",O82+N82-1) -> 46152 | Q82: =IF($J82="","",MAX(0,$M82-SUMIFS($N:$N,$J:$J,$J82,$K:$K,$K82))) -> 0 | R82: =IF(OR($M82="",$N82=""),"",IF($N82>$M82,"EXCEDE SALDO",IF(OR($O82="",$P82=""),"OK",IF($P82<$O82,"DATAS INVÁLIDAS",IF($P82>$L82,"FORA DO PRAZO","OK"))))) -> OK | S82: =IF(OR($M82="",$N82=""),"",IF($N82>$M82,"EXCEDE SALDO",IF(OR($O82="",$P82=""),"OK",IF($P82<$O82,"DATAS INVÁLIDAS",IF($P82>$L82,"FORA DO PRAZO","OK"))))) -> OK
B83: PHDE | C83: LENNON MICHAEL MOREIRA SANTOS | D83: ESPECIALISTA DE PMO | E83: ANDRE LUIZ COSTA GUIMARAES | F83: ANDRE LUIZ COSTA GUIMARÃES | G83: 45748 | H83: 2025 | I83: 2026 | J83: =DATE($H83,MONTH($G83),DAY($G83)) -> 45748 | K83: =DATE($H83+1,MONTH($G83),DAY($G83)) -> 46113 | L83: =DATE(YEAR($K83)+1,MONTH($K83),DAY($K83)) -> 46478 | M83: 14 | N83: 7 | O83: 46230 | P83: =IF(OR(O83="",N83=""),"",O83+N83-1) -> 46236 | Q83: =IF($J83="","",MAX(0,$M83-SUMIFS($N:$N,$J:$J,$J83,$K:$K,$K83))) -> 0 | R83: =IF(OR($M83="",$N83=""),"",IF($N83>$M83,"EXCEDE SALDO",IF(OR($O83="",$P83=""),"OK",IF($P83<$O83,"DATAS INVÁLIDAS",IF($P83>$L83,"FORA DO PRAZO","OK"))))) -> OK | S83: =IF(OR($M83="",$N83=""),"",IF($N83>$M83,"EXCEDE SALDO",IF(OR($O83="",$P83=""),"OK",IF($P83<$O83,"DATAS INVÁLIDAS",IF($P83>$L83,"FORA DO PRAZO","OK"))))) -> OK
B84: PHDE | C84: LENNON MICHAEL MOREIRA SANTOS | D84: ESPECIALISTA DE PMO | E84: ANDRE LUIZ COSTA GUIMARAES | F84: ANDRE LUIZ COSTA GUIMARÃES | G84: 45748 | H84: 2025 | I84: 2026 | J84: =DATE($H84,MONTH($G84),DAY($G84)) -> 45748 | K84: =DATE($H84+1,MONTH($G84),DAY($G84)) -> 46113 | L84: =DATE(YEAR($K84)+1,MONTH($K84),DAY($K84)) -> 46478 | M84: 7 | N84: 7 | O84: 46300 | P84: =IF(OR(O84="",N84=""),"",O84+N84-1) -> 46306 | Q84: =IF($J84="","",MAX(0,$M84-SUMIFS($N:$N,$J:$J,$J84,$K:$K,$K84))) -> 0 | R84: =IF(OR($M84="",$N84=""),"",IF($N84>$M84,"EXCEDE SALDO",IF(OR($O84="",$P84=""),"OK",IF($P84<$O84,"DATAS INVÁLIDAS",IF($P84>$L84,"FORA DO PRAZO","OK"))))) -> OK | S84: =IF(OR($M84="",$N84=""),"",IF($N84>$M84,"EXCEDE SALDO",IF(OR($O84="",$P84=""),"OK",IF($P84<$O84,"DATAS INVÁLIDAS",IF($P84>$L84,"FORA DO PRAZO","OK"))))) -> OK
B85: PHDE | C85: LUCAS ANDRADE BATISTA | D85: GERENTE COMERCIAL | E85: LUCAS ANDRADE BATISTA | F85: PEDRO HENRIQUE BRAGA DE MORAIS | G85: 45413 | H85: 2024 | I85: 2025 | J85: =DATE($H85,MONTH($G85),DAY($G85)) -> 45413 | K85: =DATE($H85+1,MONTH($G85),DAY($G85)) -> 45778 | L85: =DATE(YEAR($K85)+1,MONTH($K85),DAY($K85)) -> 46143 | M85: 7 | N85: 7 | O85: 46118 | P85: =IF(OR(O85="",N85=""),"",O85+N85-1) -> 46124 | Q85: =IF($J85="","",MAX(0,$M85-SUMIFS($N:$N,$J:$J,$J85,$K:$K,$K85))) -> 0 | R85: =IF(OR($M85="",$N85=""),"",IF($N85>$M85,"EXCEDE SALDO",IF(OR($O85="",$P85=""),"OK",IF($P85<$O85,"DATAS INVÁLIDAS",IF($P85>$L85,"FORA DO PRAZO","OK"))))) -> OK | S85: =IF(OR($M85="",$N85=""),"",IF($N85>$M85,"EXCEDE SALDO",IF(OR($O85="",$P85=""),"OK",IF($P85<$O85,"DATAS INVÁLIDAS",IF($P85>$L85,"FORA DO PRAZO","OK"))))) -> OK
B86: PHDE | C86: LUCAS ANDRADE BATISTA | D86: GERENTE COMERCIAL | E86: LUCAS ANDRADE BATISTA | F86: PEDRO HENRIQUE BRAGA DE MORAIS | G86: 45413 | H86: 2025 | I86: 2026 | J86: =DATE($H86,MONTH($G86),DAY($G86)) -> 45778 | K86: =DATE($H86+1,MONTH($G86),DAY($G86)) -> 46143 | L86: =DATE(YEAR($K86)+1,MONTH($K86),DAY($K86)) -> 46508 | M86: 7 | N86: 7 | O86: 46160 | P86: =IF(OR(O86="",N86=""),"",O86+N86-1) -> 46166 | Q86: =IF($J86="","",MAX(0,$M86-SUMIFS($N:$N,$J:$J,$J86,$K:$K,$K86))) -> 0 | R86: =IF(OR($M86="",$N86=""),"",IF($N86>$M86,"EXCEDE SALDO",IF(OR($O86="",$P86=""),"OK",IF($P86<$O86,"DATAS INVÁLIDAS",IF($P86>$L86,"FORA DO PRAZO","OK"))))) -> OK | S86: =IF(OR($M86="",$N86=""),"",IF($N86>$M86,"EXCEDE SALDO",IF(OR($O86="",$P86=""),"OK",IF($P86<$O86,"DATAS INVÁLIDAS",IF($P86>$L86,"FORA DO PRAZO","OK"))))) -> OK
B87: PHDE | C87: LUCAS ANDRADE BATISTA | D87: GERENTE COMERCIAL | E87: LUCAS ANDRADE BATISTA | F87: PEDRO HENRIQUE BRAGA DE MORAIS | G87: 45413 | H87: 2025 | I87: 2026 | J87: =DATE($H87,MONTH($G87),DAY($G87)) -> 45778 | K87: =DATE($H87+1,MONTH($G87),DAY($G87)) -> 46143 | L87: =DATE(YEAR($K87)+1,MONTH($K87),DAY($K87)) -> 46508 | M87: 7 | N87: 7 | O87: 46209 | P87: =IF(OR(O87="",N87=""),"",O87+N87-1) -> 46215 | Q87: =IF($J87="","",MAX(0,$M87-SUMIFS($N:$N,$J:$J,$J87,$K:$K,$K87))) -> 0 | R87: =IF(OR($M87="",$N87=""),"",IF($N87>$M87,"EXCEDE SALDO",IF(OR($O87="",$P87=""),"OK",IF($P87<$O87,"DATAS INVÁLIDAS",IF($P87>$L87,"FORA DO PRAZO","OK"))))) -> OK | S87: =IF(OR($M87="",$N87=""),"",IF($N87>$M87,"EXCEDE SALDO",IF(OR($O87="",$P87=""),"OK",IF($P87<$O87,"DATAS INVÁLIDAS",IF($P87>$L87,"FORA DO PRAZO","OK"))))) -> OK
B88: PHDE | C88: LUCAS ANDRADE BATISTA | D88: GERENTE COMERCIAL | E88: LUCAS ANDRADE BATISTA | F88: PEDRO HENRIQUE BRAGA DE MORAIS | G88: 45413 | H88: 2025 | I88: 2026 | J88: =DATE($H88,MONTH($G88),DAY($G88)) -> 45778 | K88: =DATE($H88+1,MONTH($G88),DAY($G88)) -> 46143 | L88: =DATE(YEAR($K88)+1,MONTH($K88),DAY($K88)) -> 46508 | M88: 7 | N88: 7 | O88: 46265 | P88: =IF(OR(O88="",N88=""),"",O88+N88-1) -> 46271 | Q88: =IF($J88="","",MAX(0,$M88-SUMIFS($N:$N,$J:$J,$J88,$K:$K,$K88))) -> 0 | R88: =IF(OR($M88="",$N88=""),"",IF($N88>$M88,"EXCEDE SALDO",IF(OR($O88="",$P88=""),"OK",IF($P88<$O88,"DATAS INVÁLIDAS",IF($P88>$L88,"FORA DO PRAZO","OK"))))) -> OK | S88: =IF(OR($M88="",$N88=""),"",IF($N88>$M88,"EXCEDE SALDO",IF(OR($O88="",$P88=""),"OK",IF($P88<$O88,"DATAS INVÁLIDAS",IF($P88>$L88,"FORA DO PRAZO","OK"))))) -> OK
B89: PHDE | C89: LUCAS DE ASSIS BRAGA | D89: CONSULTOR DE PLANEJAMENTO PL | E89: IVANO ROBERTO SILVA DA CRUZ | F89: IVANO ROBERTO SILVA DA CRUZ | G89: 44896 | H89: 2024 | I89: 2025 | J89: =DATE($H89,MONTH($G89),DAY($G89)) -> 45627 | K89: =DATE($H89+1,MONTH($G89),DAY($G89)) -> 45992 | L89: =DATE(YEAR($K89)+1,MONTH($K89),DAY($K89)) -> 46357 | M89: 21 | N89: 7 | O89: 46129 | P89: =IF(OR(O89="",N89=""),"",O89+N89-1) -> 46135 | Q89: =IF($J89="","",MAX(0,$M89-SUMIFS($N:$N,$J:$J,$J89,$K:$K,$K89))) -> 0 | R89: =IF(OR($M89="",$N89=""),"",IF($N89>$M89,"EXCEDE SALDO",IF(OR($O89="",$P89=""),"OK",IF($P89<$O89,"DATAS INVÁLIDAS",IF($P89>$L89,"FORA DO PRAZO","OK"))))) -> OK | S89: =IF(OR($M89="",$N89=""),"",IF($N89>$M89,"EXCEDE SALDO",IF(OR($O89="",$P89=""),"OK",IF($P89<$O89,"DATAS INVÁLIDAS",IF($P89>$L89,"FORA DO PRAZO","OK"))))) -> OK
B90: PHDE | C90: LUCAS DE ASSIS BRAGA | D90: CONSULTOR DE PLANEJAMENTO PL | E90: IVANO ROBERTO SILVA DA CRUZ | F90: IVANO ROBERTO SILVA DA CRUZ | G90: 44896 | H90: 2024 | I90: 2025 | J90: =DATE($H90,MONTH($G90),DAY($G90)) -> 45627 | K90: =DATE($H90+1,MONTH($G90),DAY($G90)) -> 45992 | L90: =DATE(YEAR($K90)+1,MONTH($K90),DAY($K90)) -> 46357 | M90: 14 | N90: 14 | O90: 46374 | P90: =IF(OR(O90="",N90=""),"",O90+N90-1) -> 46387 | Q90: =IF($J90="","",MAX(0,$M90-SUMIFS($N:$N,$J:$J,$J90,$K:$K,$K90))) -> 0 | R90: =IF(OR($M90="",$N90=""),"",IF($N90>$M90,"EXCEDE SALDO",IF(OR($O90="",$P90=""),"OK",IF($P90<$O90,"DATAS INVÁLIDAS",IF($P90>$L90,"FORA DO PRAZO","OK"))))) -> FORA DO PRAZO | S90: =IF(OR($M90="",$N90=""),"",IF($N90>$M90,"EXCEDE SALDO",IF(OR($O90="",$P90=""),"OK",IF($P90<$O90,"DATAS INVÁLIDAS",IF($P90>$L90,"FORA DO PRAZO","OK"))))) -> FORA DO PRAZO
B91: PHDE | C91: LUCAS EDUARDO NORBERTO BARROSO | D91: CONSULTOR BIM PL | E91: RONALDO MENDES MACHADO | F91: BRUNO ALBERTO AZEVEDO | G91: 45722 | H91: 2025 | I91: 2026 | J91: =DATE($H91,MONTH($G91),DAY($G91)) -> 45722 | K91: =DATE($H91+1,MONTH($G91),DAY($G91)) -> 46087 | L91: =DATE(YEAR($K91)+1,MONTH($K91),DAY($K91)) -> 46452 | M91: 21 | N91: 7 | O91: 46146 | P91: =IF(OR(O91="",N91=""),"",O91+N91-1) -> 46152 | Q91: =IF($J91="","",MAX(0,$M91-SUMIFS($N:$N,$J:$J,$J91,$K:$K,$K91))) -> 0 | R91: =IF(OR($M91="",$N91=""),"",IF($N91>$M91,"EXCEDE SALDO",IF(OR($O91="",$P91=""),"OK",IF($P91<$O91,"DATAS INVÁLIDAS",IF($P91>$L91,"FORA DO PRAZO","OK"))))) -> OK | S91: =IF(OR($M91="",$N91=""),"",IF($N91>$M91,"EXCEDE SALDO",IF(OR($O91="",$P91=""),"OK",IF($P91<$O91,"DATAS INVÁLIDAS",IF($P91>$L91,"FORA DO PRAZO","OK"))))) -> OK
B92: PHDE | C92: LUCAS EDUARDO NORBERTO BARROSO | D92: CONSULTOR BIM PL | E92: RONALDO MENDES MACHADO | F92: BRUNO ALBERTO AZEVEDO | G92: 45722 | H92: 2025 | I92: 2026 | J92: =DATE($H92,MONTH($G92),DAY($G92)) -> 45722 | K92: =DATE($H92+1,MONTH($G92),DAY($G92)) -> 46087 | L92: =DATE(YEAR($K92)+1,MONTH($K92),DAY($K92)) -> 46452 | M92: 14 | N92: 14 | O92: 46244 | P92: =IF(OR(O92="",N92=""),"",O92+N92-1) -> 46257 | Q92: =IF($J92="","",MAX(0,$M92-SUMIFS($N:$N,$J:$J,$J92,$K:$K,$K92))) -> 0 | R92: =IF(OR($M92="",$N92=""),"",IF($N92>$M92,"EXCEDE SALDO",IF(OR($O92="",$P92=""),"OK",IF($P92<$O92,"DATAS INVÁLIDAS",IF($P92>$L92,"FORA DO PRAZO","OK"))))) -> OK | S92: =IF(OR($M92="",$N92=""),"",IF($N92>$M92,"EXCEDE SALDO",IF(OR($O92="",$P92=""),"OK",IF($P92<$O92,"DATAS INVÁLIDAS",IF($P92>$L92,"FORA DO PRAZO","OK"))))) -> OK
B93: PHDE | C93: LUCAS FERRAZ GONCALVES | D93: COORDENADOR DE PLANEJAMENTO | E93: ANDRE LUIZ COSTA GUIMARAES | F93: ANDRE LUIZ COSTA GUIMARÃES | G93: 44810 | H93: 2024 | I93: 2025 | J93: =DATE($H93,MONTH($G93),DAY($G93)) -> 45541 | K93: =DATE($H93+1,MONTH($G93),DAY($G93)) -> 45906 | L93: =DATE(YEAR($K93)+1,MONTH($K93),DAY($K93)) -> 46271 | M93: 7 | N93: 7 | O93: 46237 | P93: =IF(OR(O93="",N93=""),"",O93+N93-1) -> 46243 | Q93: =IF($J93="","",MAX(0,$M93-SUMIFS($N:$N,$J:$J,$J93,$K:$K,$K93))) -> 0 | R93: =IF(OR($M93="",$N93=""),"",IF($N93>$M93,"EXCEDE SALDO",IF(OR($O93="",$P93=""),"OK",IF($P93<$O93,"DATAS INVÁLIDAS",IF($P93>$L93,"FORA DO PRAZO","OK"))))) -> OK | S93: =IF(OR($M93="",$N93=""),"",IF($N93>$M93,"EXCEDE SALDO",IF(OR($O93="",$P93=""),"OK",IF($P93<$O93,"DATAS INVÁLIDAS",IF($P93>$L93,"FORA DO PRAZO","OK"))))) -> OK
B94: PHDE | C94: LUCIANA DE FATIMA FERREIRA | D94: GERENTE DE GENTE E CULTURA | E94: LUCIANA DE FATIMA FERREIRA | F94: PEDRO HENRIQUE BRAGA DE MORAIS | G94: 45782 | H94: 2025 | I94: 2026 | J94: =DATE($H94,MONTH($G94),DAY($G94)) -> 45782 | K94: =DATE($H94+1,MONTH($G94),DAY($G94)) -> 46147 | L94: =DATE(YEAR($K94)+1,MONTH($K94),DAY($K94)) -> 46512 | M94: 21 | N94: 11 | O94: 46037 | P94: =IF(OR(O94="",N94=""),"",O94+N94-1) -> 46047 | Q94: =IF(N94<>"",M94-N94,M94) -> 10 | R94: =IF(OR($M94="",$N94=""),"",IF($N94>$M94,"EXCEDE SALDO",IF(OR($O94="",$P94=""),"OK",IF($P94<$O94,"DATAS INVÁLIDAS",IF($P94>$L94,"FORA DO PRAZO","OK"))))) -> OK | S94: =IF(OR($M94="",$N94=""),"",IF($N94>$M94,"EXCEDE SALDO",IF(OR($O94="",$P94=""),"OK",IF($P94<$O94,"DATAS INVÁLIDAS",IF($P94>$L94,"FORA DO PRAZO","OK"))))) -> OK
B95: PHDE | C95: LUCIANA DE FATIMA FERREIRA | D95: GERENTE DE GENTE E CULTURA | E95: LUCIANA DE FATIMA FERREIRA | F95: PEDRO HENRIQUE BRAGA DE MORAIS | G95: 45782 | H95: 2025 | I95: 2026 | J95: =DATE($H95,MONTH($G95),DAY($G95)) -> 45782 | K95: =DATE($H95+1,MONTH($G95),DAY($G95)) -> 46147 | L95: =DATE(YEAR($K95)+1,MONTH($K95),DAY($K95)) -> 46512 | M95: 10 | N95: 10 | O95: 46230 | P95: =IF(OR(O95="",N95=""),"",O95+N95-1) -> 46239 | Q95: =IF(N95<>"",M95-N95,M95) -> 0 | R95: =IF(OR($M95="",$N95=""),"",IF($N95>$M95,"EXCEDE SALDO",IF(OR($O95="",$P95=""),"OK",IF($P95<$O95,"DATAS INVÁLIDAS",IF($P95>$L95,"FORA DO PRAZO","OK"))))) -> OK | S95: =IF(OR($M95="",$N95=""),"",IF($N95>$M95,"EXCEDE SALDO",IF(OR($O95="",$P95=""),"OK",IF($P95<$O95,"DATAS INVÁLIDAS",IF($P95>$L95,"FORA DO PRAZO","OK"))))) -> OK
B96: PHDE | C96: LUIZ HENRIQUE FERNANDES BRANDAO | D96: CONSULTOR DE PLANEJAMENTO | E96: DIOGO HENRIQUE SOARES | F96: LEONARDO AUGUSTO OLIVEIRA DRUMOND | G96: 45183 | H96: 2024 | I96: 2025 | J96: =DATE($H96,MONTH($G96),DAY($G96)) -> 45549 | K96: =DATE($H96+1,MONTH($G96),DAY($G96)) -> 45914 | L96: 46387 | M96: 21 | N96: 21 | O96: 46237 | P96: =IF(OR(O96="",N96=""),"",O96+N96-1) -> 46257 | Q96: =IF($J96="","",MAX(0,$M96-SUMIFS($N:$N,$J:$J,$J96,$K:$K,$K96))) -> 0 | R96: =IF(OR($M96="",$N96=""),"",IF($N96>$M96,"EXCEDE SALDO",IF(OR($O96="",$P96=""),"OK",IF($P96<$O96,"DATAS INVÁLIDAS",IF($P96>$L96,"FORA DO PRAZO","OK"))))) -> OK | S96: =IF(OR($M96="",$N96=""),"",IF($N96>$M96,"EXCEDE SALDO",IF(OR($O96="",$P96=""),"OK",IF($P96<$O96,"DATAS INVÁLIDAS",IF($P96>$L96,"FORA DO PRAZO","OK"))))) -> OK
B97: PHDE | C97: LUIZ HENRIQUE FERNANDES BRANDAO | D97: CONSULTOR DE PLANEJAMENTO | E97: DIOGO HENRIQUE SOARES | F97: LEONARDO AUGUSTO OLIVEIRA DRUMOND | G97: 45183 | H97: 2025 | I97: 2026 | J97: =DATE($H97,MONTH($G97),DAY($G97)) -> 45914 | K97: =DATE($H97+1,MONTH($G97),DAY($G97)) -> 46279 | L97: 46387 | M97: 7 | N97: 7 | O97: 46349 | P97: =IF(OR(O97="",N97=""),"",O97+N97-1) -> 46355 | Q97: =IF($J97="","",MAX(0,$M97-SUMIFS($N:$N,$J:$J,$J97,$K:$K,$K97))) -> 0 | R97: =IF(OR($M97="",$N97=""),"",IF($N97>$M97,"EXCEDE SALDO",IF(OR($O97="",$P97=""),"OK",IF($P97<$O97,"DATAS INVÁLIDAS",IF($P97>$L97,"FORA DO PRAZO","OK"))))) -> OK | S97: =IF(OR($M97="",$N97=""),"",IF($N97>$M97,"EXCEDE SALDO",IF(OR($O97="",$P97=""),"OK",IF($P97<$O97,"DATAS INVÁLIDAS",IF($P97>$L97,"FORA DO PRAZO","OK"))))) -> OK
B98: PHDE | C98: MAICON HENRIQUE VIEIRA MORAIS | D98: ANALISTA DE GENTE E CULTURA PL | E98: LUCIANA DE FATIMA FERREIRA | F98: LUCIANA DE FATIMA FERREIRA | G98: 45524 | H98: 2024 | I98: 2025 | J98: =DATE($H98,MONTH($G98),DAY($G98)) -> 45524 | K98: =DATE($H98+1,MONTH($G98),DAY($G98)) -> 45889 | L98: =DATE(YEAR($K98)+1,MONTH($K98),DAY($K98)) -> 46254 | M98: 21 | N98: 16 | O98: 45887 | P98: =IF(OR(O98="",N98=""),"",O98+N98-1) -> 45902 | Q98: =IF($J98="","",MAX(0,$M98-SUMIFS($N:$N,$J:$J,$J98,$K:$K,$K98))) -> 0 | R98: =IF(OR($M98="",$N98=""),"",IF($N98>$M98,"EXCEDE SALDO",IF(OR($O98="",$P98=""),"OK",IF($P98<$O98,"DATAS INVÁLIDAS",IF($P98>$L98,"FORA DO PRAZO","OK"))))) -> OK | S98: =IF(OR($M98="",$N98=""),"",IF($N98>$M98,"EXCEDE SALDO",IF(OR($O98="",$P98=""),"OK",IF($P98<$O98,"DATAS INVÁLIDAS",IF($P98>$L98,"FORA DO PRAZO","OK"))))) -> OK
B99: PHDE | C99: MAICON HENRIQUE VIEIRA MORAIS | D99: ANALISTA DE GENTE E CULTURA PL | E99: LUCIANA DE FATIMA FERREIRA | F99: LUCIANA DE FATIMA FERREIRA | G99: 45524 | H99: 2024 | I99: 2025 | J99: =DATE($H99,MONTH($G99),DAY($G99)) -> 45524 | K99: =DATE($H99+1,MONTH($G99),DAY($G99)) -> 45889 | L99: =DATE(YEAR($K99)+1,MONTH($K99),DAY($K99)) -> 46254 | M99: 5 | N99: 5 | O99: 46181 | P99: =IF(OR(O99="",N99=""),"",O99+N99-1) -> 46185 | Q99: =IF($J99="","",MAX(0,$M99-SUMIFS($N:$N,$J:$J,$J99,$K:$K,$K99))) -> 0 | R99: =IF(OR($M99="",$N99=""),"",IF($N99>$M99,"EXCEDE SALDO",IF(OR($O99="",$P99=""),"OK",IF($P99<$O99,"DATAS INVÁLIDAS",IF($P99>$L99,"FORA DO PRAZO","OK"))))) -> OK | S99: =IF(OR($M99="",$N99=""),"",IF($N99>$M99,"EXCEDE SALDO",IF(OR($O99="",$P99=""),"OK",IF($P99<$O99,"DATAS INVÁLIDAS",IF($P99>$L99,"FORA DO PRAZO","OK"))))) -> OK
B100: PHDE | C100: MAICON HENRIQUE VIEIRA MORAIS | D100: ANALISTA DE GENTE E CULTURA PL | E100: LUCIANA DE FATIMA FERREIRA | F100: LUCIANA DE FATIMA FERREIRA | G100: 45524 | H100: 2025 | I100: 20236 | J100: =DATE($H100,MONTH($G100),DAY($G100)) -> 45889 | K100: =DATE($H100+1,MONTH($G100),DAY($G100)) -> 46254 | L100: =DATE(YEAR($K100)+1,MONTH($K100),DAY($K100)) -> 46619 | M100: 21 | N100: 15 | O100: 46329 | P100: =IF(OR(O100="",N100=""),"",O100+N100-1) -> 46343 | Q100: =IF($J100="","",MAX(0,$M100-SUMIFS($N:$N,$J:$J,$J100,$K:$K,$K100))) -> 6 | R100: =IF(OR($M100="",$N100=""),"",IF($N100>$M100,"EXCEDE SALDO",IF(OR($O100="",$P100=""),"OK",IF($P100<$O100,"DATAS INVÁLIDAS",IF($P100>$L100,"FORA DO PRAZO","OK"))))) -> OK | S100: =IF(OR($M100="",$N100=""),"",IF($N100>$M100,"EXCEDE SALDO",IF(OR($O100="",$P100=""),"OK",IF($P100<$O100,"DATAS INVÁLIDAS",IF($P100>$L100,"FORA DO PRAZO","OK"))))) -> OK
...

Sheet Planilha2
A1: LIDER DIRETO | B1: GERENCIA/DIRETORIA | F1: Rótulos de Linha
A2: TULIO RAFAEL MORAIS | B2: LEONARDO AUGUSTO OLIVEIRA DRUMOND | F2: ALESSANDRO PEREIRA MOREIRA | G2: OK
A3: TULIO RAFAEL MORAIS | B3: LEONARDO AUGUSTO OLIVEIRA DRUMOND | F3: ALEX POSSIDONIO DA SILVA | G3: NÃO TEM
A4: EDUARDO DOS REIS ELER | B4: EDUARDO REIS ELER | F4: DIEGO FIRME BERNARDES
A5: LUCAS ANDRADE BATISTA | B5: PEDRO HENRIQUE BRAGA DE MORAIS | F5: DIOGO HENRIQUE SOARES
A6: DIEGO FIRME BERNARDES | B6: DIEGO FIRME BERNARDES | F6: EDUARDO DOS REIS ELER | G6: VAI INFORMAR
A7: THALES SANDER CARVALHO DE PÁDUA | B7: EDUARDO REIS ELER | F7: JULIO CESAR | G7: VAI INFORMAR
A8: THALES SANDER CARVALHO DE PÁDUA | B8: EDUARDO REIS ELER | F8: LEONARDO AUGUSTO OLIVEIRA DRUMOND
A9: THALES SANDER CARVALHO DE PÁDUA | B9: EDUARDO REIS ELER | F9: LUCAS ANDRADE BATISTA | G9: OK
A10: THALES SANDER CARVALHO DE PÁDUA | B10: EDUARDO REIS ELER | F10: MATEUS FILIPE CORRADI DE MORAIS
A11: ALEX POSSIDONIO DA SILVA | B11: DIEGO FIRME BERNARDES | F11: PAULO CEZAR DE PAIVA NETO | G11: vai ser coordenadores
A12: ALESSANDRO PEREIRA MOREIRA | B12: LEONARDO AUGUSTO OLIVEIRA DRUMOND | F12: PEDRO HENRIQUE BOSCO NERY | G12: EXCLUIDO
A13: ALESSANDRO PEREIRA MOREIRA | B13: LEONARDO AUGUSTO OLIVEIRA DRUMOND | F13: SILAS MOREIRA TUPINAMBÁ
A14: PAULO CEZAR DE PAIVA NETO | B14: PAULO CEZAR DE PAIVA NETO | F14: THALES SANDER CARVALHO DE PÁDUA | G14: VAI INFORMAR
A15: DIEGO FIRME BERNARDES | B15: PEDRO HENRIQUE BRAGA DE MORAIS | F15: TULIO RAFAEL MORAIS | G15: OK
A16: DIEGO FIRME BERNARDES | B16: PEDRO HENRIQUE BRAGA DE MORAIS | F16: (vazio)
A17: EDUARDO DOS REIS ELER | B17: EDUARDO REIS ELER | F17: Total Geral
A18: TULIO RAFAEL MORAIS | B18: LEONARDO AUGUSTO OLIVEIRA DRUMOND
A19: DIOGO HENRIQUE SOARES | B19: LEONARDO AUGUSTO OLIVEIRA DRUMOND
A20: EDUARDO DOS REIS ELER | B20: PEDRO HENRIQUE BRAGA DE MORAIS
A21: EDUARDO DOS REIS ELER | B21: PEDRO HENRIQUE BRAGA DE MORAIS
A22: ALESSANDRO PEREIRA MOREIRA | B22: DIEGO FIRME BERNARDES
A23: TULIO RAFAEL MORAIS | B23: LEONARDO AUGUSTO OLIVEIRA DRUMOND
A24: DIOGO HENRIQUE SOARES | B24: LEONARDO AUGUSTO OLIVEIRA DRUMOND
A25: JULIO CESAR | B25: JULIO CESAR
A26: JULIO CESAR | B26: PAULO CEZAR DE PAIVA NETO
A27: JULIO CESAR | B27: PAULO CEZAR DE PAIVA NETO
A28: PAULO CEZAR DE PAIVA NETO | B28: PAULO CEZAR DE PAIVA NETO
A29: PAULO CEZAR DE PAIVA NETO | B29: PAULO CEZAR DE PAIVA NETO
... A92: EDUARDO DOS REIS ELER | B92: EDUARDO REIS ELER

Sheet Planilha1
A1: ADAILTON LUCAS GALINDO DE ANDRADE | B1: =VLOOKUP(A1,'PLANILHA MODELO'!C:C,1,0) -> ADAILTON LUCAS GALINDO DE ANDRADE
A2: ANDREY LUZ SOUSA | B2: =VLOOKUP(A2,'PLANILHA MODELO'!C:C,1,0) -> #N/A
A3: ANGELA MARIA LOPES CAMPOS | B3: =VLOOKUP(A3,'PLANILHA MODELO'!C:C,1,0) -> #N/A
A4: ARTHUR FARHAT BENEDITO | B4: =VLOOKUP(A4,'PLANILHA MODELO'!C:C,1,0) -> ARTHUR FARHAT BENEDITO
A5: ARTUR VIEIRA JANUTH | B5: =VLOOKUP(A5,'PLANILHA MODELO'!C:C,1,0) -> ARTUR VIEIRA JANUTH
A6: DANIEL CARLOS SILVA | B6: =VLOOKUP(A6,'PLANILHA MODELO'!C:C,1,0) -> DANIEL CARLOS SILVA
A7: DEIVIDY ALVES GOMES | B7: =VLOOKUP(A7,'PLANILHA MODELO'!C:C,1,0) -> #N/A
A8: DIANY STEFFANE FERREIRA SANTANA | B8: =VLOOKUP(A8,'PLANILHA MODELO'!C:C,1,0) -> DIANY STEFFANE FERREIRA SANTANA
A9: DIEGO RANIERI MELO RODRIGUES | B9: =VLOOKUP(A9,'PLANILHA MODELO'!C:C,1,0) -> #N/A
A10: DIVINO FELICIO SANTOS | B10: =VLOOKUP(A10,'PLANILHA MODELO'!C:C,1,0) -> DIVINO FELICIO SANTOS
A11: EMERSON DE MELO FERREIRA DA SILVA | B11: =VLOOKUP(A11,'PLANILHA MODELO'!C:C,1,0) -> EMERSON DE MELO FERREIRA DA SILVA
A12: FERNANDA LOPES DE LIGORIO | B12: =VLOOKUP(A12,'PLANILHA MODELO'!C:C,1,0) -> #N/A
... A33: WARLEY SANTOS MARTINS NOGUEIRA | B33: =VLOOKUP(A33,'PLANILHA MODELO'!C:C,1,0) -> WARLEY SANTOS MARTINS NOGUEIRA
